id,reservationid,orderid,crmid,timestamp,orderType,productsku,hotelCheckInUnix,hotelCheckOutUnix,hotelCheckInTS,hotelCheckOutTS,hotelName,hotelChain,hotelLocation,hotelRoomType,hotelRoomCount,hotelGuestAdultCount,hotelGuestChildCount,hotelNightCount,hotelRoomPrice,hotelFinalPrice
orderid:959832,JAW-2PLY,orderid:959832,crmid:6284782,2020-02-10T05:22:27+00:00,call center,prd1178,1581552000,1581897600,2020-02-13T00:00:00+00:00,2020-02-17T00:00:00+00:00,Blue Reef Resort: Colorado Springs,Blue Reef Resort,Colorado Springs,premium,1,1,0,4,148.12,592.48
orderid:906307,G4Y-17N7,orderid:906307,crmid:2370375,2020-02-11T16:06:19+00:00,call center,prd1016,1583625600,1584662400,2020-03-08T00:00:00+00:00,2020-03-20T00:00:00+00:00,Aspen Heights: Columbus,Aspen Heights,Columbus,premium,1,1,4,12,116.26,1395.12
orderid:945766,WSS-FWPN,orderid:945766,crmid:7658235,2020-02-09T12:52:57+00:00,call center,prd1148,1581984000,1582588800,2020-02-18T00:00:00+00:00,2020-02-25T00:00:00+00:00,Aspen Heights: Jacksonville,Aspen Heights,Jacksonville,standard,1,1,0,7,133.02,931.14
orderid:867128,HYK-ZCYM,orderid:867128,crmid:4819216,2020-02-10T19:18:48+00:00,call center,prd1181,1583712000,1584144000,2020-03-09T00:00:00+00:00,2020-03-14T00:00:00+00:00,Grandeur Hotels: Oakland,Grandeur Hotels,Oakland,standard,1,1,0,5,139.9,699.5
orderid:331372,7VZ-9GPN,orderid:331372,crmid:9502648,2020-02-09T22:43:10+00:00,call center,prd1110,1581292800,1581465600,2020-02-10T00:00:00+00:00,2020-02-12T00:00:00+00:00,Restful Nights: Sofia,Restful Nights,Sofia,standard,1,1,0,2,131.25,262.5
orderid:766124,RPR-Y0E9,orderid:766124,crmid:7882873,2020-02-09T12:48:22+00:00,call center,prd1040,1582156800,1582761600,2020-02-20T00:00:00+00:00,2020-02-27T00:00:00+00:00,Aspen Heights: Atlanta,Aspen Heights,Atlanta,standard,1,1,3,7,118.9,832.3
orderid:847265,SSS-TVTH,orderid:847265,crmid:8434960,2020-02-10T10:32:09+00:00,call center,prd1100,1581379200,1581552000,2020-02-11T00:00:00+00:00,2020-02-13T00:00:00+00:00,Aspen Heights: Misk,Aspen Heights,Misk,standard,1,1,0,2,91.81,183.62
orderid:684736,KR0-3C92,orderid:684736,crmid:1702059,2020-02-11T23:57:11+00:00,call center,prd1184,1583107200,1584230400,2020-03-02T00:00:00+00:00,2020-03-15T00:00:00+00:00,Aspen Heights: Arlington,Aspen Heights,Arlington,standard,1,1,2,13,146.82,1908.66
orderid:101836,MCF-C4UP,orderid:101836,crmid:3149243,2020-02-10T22:33:33+00:00,call center,prd1033,1582934400,1583107200,2020-02-29T00:00:00+00:00,2020-03-02T00:00:00+00:00,Admiralty Plaza: Milwaukee,Admiralty Plaza,Milwaukee,luxury,1,1,0,2,327.56,655.12
orderid:811930,JED-5CKQ,orderid:811930,crmid:7200280,2020-02-08T16:28:15+00:00,call center,prd1004,1582934400,1583452800,2020-02-29T00:00:00+00:00,2020-03-06T00:00:00+00:00,Aspen Heights: Boulder,Aspen Heights,Boulder,premium,1,1,0,6,185.41,1112.46
orderid:603513,CZD-7JU6,orderid:603513,crmid:9439781,2020-02-11T04:09:39+00:00,call center,prd1097,1581465600,1581638400,2020-02-12T00:00:00+00:00,2020-02-14T00:00:00+00:00,Grandeur Hotels: Buenos Aires,Grandeur Hotels,Buenos Aires,standard,1,1,0,2,117.5,235.0
orderid:543284,4LV-3QJ6,orderid:543284,crmid:5258451,2020-02-08T23:19:51+00:00,call center,prd1173,1581465600,1582070400,2020-02-12T00:00:00+00:00,2020-02-19T00:00:00+00:00,Sapphire Suites: Kansas City,Sapphire Suites,Kansas City,luxury,1,1,0,7,356.96,2498.72
orderid:246471,VHZ-9KNY,orderid:246471,crmid:4369518,2020-02-10T17:40:09+00:00,call center,prd1094,1583107200,1584316800,2020-03-02T00:00:00+00:00,2020-03-16T00:00:00+00:00,Blue Reef Resort: Berlin,Blue Reef Resort,Berlin,luxury,1,1,0,14,338.57,4739.98
orderid:100531,MBF-0LLL,orderid:100531,crmid:7242663,2020-02-09T10:03:13+00:00,call center,prd1179,1583452800,1585094400,2020-03-06T00:00:00+00:00,2020-03-25T00:00:00+00:00,Hospitality Inn: Miami,Hospitality Inn,Miami,standard,1,1,0,19,150.66,2862.54
orderid:311922,R9P-IREO,orderid:311922,crmid:9356090,2020-02-10T17:45:47+00:00,call center,prd1083,1582761600,1583280000,2020-02-27T00:00:00+00:00,2020-03-04T00:00:00+00:00,Hospitality Inn: Bangkok,Hospitality Inn,Bangkok,premium,1,1,0,6,155.62,933.72
orderid:422888,ZBP-APJ4,orderid:422888,crmid:5645298,2020-02-10T10:04:33+00:00,call center,prd1165,1583452800,1584057600,2020-03-06T00:00:00+00:00,2020-03-13T00:00:00+00:00,Admiralty Plaza: Louisville,Admiralty Plaza,Louisville,standard,1,1,0,7,115.0,805.0
orderid:958988,XZF-FBWR,orderid:958988,crmid:5019332,2020-02-09T09:35:34+00:00,call center,prd1009,1581638400,1582329600,2020-02-14T00:00:00+00:00,2020-02-22T00:00:00+00:00,Admiralty Plaza: San Antonio,Admiralty Plaza,San Antonio,standard,1,1,0,8,152.7,1221.6
orderid:827361,R9G-EOML,orderid:827361,crmid:9038822,2020-02-09T11:20:26+00:00,call center,prd1131,1583280000,1584921600,2020-03-04T00:00:00+00:00,2020-03-23T00:00:00+00:00,Hospitality Inn: Sheffield,Hospitality Inn,Sheffield,standard,1,1,0,19,154.72,2939.68
orderid:501521,G1W-W5A6,orderid:501521,crmid:9645474,2020-02-09T03:32:37+00:00,call center,prd1034,1582243200,1583452800,2020-02-21T00:00:00+00:00,2020-03-06T00:00:00+00:00,Blue Reef Resort: Albuquerque,Blue Reef Resort,Albuquerque,standard,1,1,0,14,121.56,1701.84
orderid:597169,2H5-G75P,orderid:597169,crmid:9620690,2020-02-09T20:16:04+00:00,call center,prd1143,1581292800,1581379200,2020-02-10T00:00:00+00:00,2020-02-11T00:00:00+00:00,Hospitality Inn: San Antonio,Hospitality Inn,San Antonio,luxury,1,1,0,1,278.85,278.85
orderid:829427,IQJ-7OY9,orderid:829427,crmid:1491427,2020-02-11T15:34:03+00:00,call center,prd1021,1581465600,1581552000,2020-02-12T00:00:00+00:00,2020-02-13T00:00:00+00:00,Admiralty Plaza: Denver,Admiralty Plaza,Denver,standard,1,1,0,1,170.63,170.63
orderid:726140,J8D-EF6H,orderid:726140,crmid:1770800,2020-02-09T19:54:49+00:00,call center,prd1118,1581292800,1581465600,2020-02-10T00:00:00+00:00,2020-02-12T00:00:00+00:00,Blue Reef Resort: Cologne,Blue Reef Resort,Cologne,standard,1,1,0,2,140.51,281.02
orderid:422971,BKL-VXDW,orderid:422971,crmid:8778229,2020-02-10T17:05:22+00:00,call center,prd1130,1581638400,1582416000,2020-02-14T00:00:00+00:00,2020-02-23T00:00:00+00:00,Blue Reef Resort: Bremen,Blue Reef Resort,Bremen,standard,1,1,0,9,165.43,1488.87
orderid:575423,FF1-VC3N,orderid:575423,crmid:1228897,2020-02-09T13:27:58+00:00,call center,prd1196,1581465600,1581811200,2020-02-12T00:00:00+00:00,2020-02-16T00:00:00+00:00,Aspen Heights: Moscow,Aspen Heights,Moscow,standard,1,1,0,4,153.69,614.76
orderid:720497,V2O-SDGR,orderid:720497,crmid:1393929,2020-02-11T14:57:59+00:00,call center,prd1076,1583539200,1584144000,2020-03-07T00:00:00+00:00,2020-03-14T00:00:00+00:00,Aspen Heights: Bogota,Aspen Heights,Bogota,standard,1,1,0,7,96.37,674.59
orderid:340787,ZK8-MOI9,orderid:340787,crmid:9821092,2020-02-11T01:53:54+00:00,call center,prd1076,1581984000,1582329600,2020-02-18T00:00:00+00:00,2020-02-22T00:00:00+00:00,Aspen Heights: Bogota,Aspen Heights,Bogota,standard,1,1,0,4,144.1,576.4
orderid:439465,NVG-KCDE,orderid:439465,crmid:8888507,2020-02-09T18:43:23+00:00,call center,prd1041,1581379200,1581552000,2020-02-11T00:00:00+00:00,2020-02-13T00:00:00+00:00,Sapphire Suites: Long Beach,Sapphire Suites,Long Beach,premium,1,1,0,2,139.66,279.32
orderid:913667,5RA-9TSJ,orderid:913667,crmid:5552185,2020-02-08T10:48:56+00:00,call center,prd1112,1582416000,1583452800,2020-02-23T00:00:00+00:00,2020-03-06T00:00:00+00:00,Aspen Heights: Birmingham,Aspen Heights,Birmingham,standard,1,1,0,12,160.27,1923.24
orderid:119352,HDY-7BTE,orderid:119352,crmid:8269605,2020-02-11T01:32:23+00:00,call center,prd1177,1581552000,1582243200,2020-02-13T00:00:00+00:00,2020-02-21T00:00:00+00:00,Admiralty Plaza: Raleigh,Admiralty Plaza,Raleigh,premium,1,1,0,8,169.65,1357.2
orderid:959082,YUI-Y9M3,orderid:959082,crmid:8551694,2020-02-10T19:50:48+00:00,call center,prd1064,1583366400,1584230400,2020-03-05T00:00:00+00:00,2020-03-15T00:00:00+00:00,Aspen Heights: Paris,Aspen Heights,Paris,standard,1,1,0,10,78.37,783.7
orderid:342432,AXE-CV7S,orderid:342432,crmid:7865199,2020-02-10T18:02:04+00:00,call center,prd1013,1583366400,1584057600,2020-03-05T00:00:00+00:00,2020-03-13T00:00:00+00:00,Grandeur Hotels: Austin,Grandeur Hotels,Austin,standard,1,1,0,8,120.46,963.68
orderid:872299,OGK-ABRD,orderid:872299,crmid:4698933,2020-02-11T21:26:16+00:00,call center,prd1161,1581811200,1581897600,2020-02-16T00:00:00+00:00,2020-02-17T00:00:00+00:00,Sapphire Suites: Memphis,Sapphire Suites,Memphis,standard,1,1,0,1,184.4,184.4
orderid:499009,WHU-6A8T,orderid:499009,crmid:8770519,2020-02-11T14:50:16+00:00,call center,prd1148,1582070400,1582761600,2020-02-19T00:00:00+00:00,2020-02-27T00:00:00+00:00,Aspen Heights: Jacksonville,Aspen Heights,Jacksonville,standard,1,1,4,8,117.48,939.84
orderid:174655,IXA-PJ2I,orderid:174655,crmid:9366851,2020-02-08T08:15:39+00:00,call center,prd1137,1583107200,1583539200,2020-03-02T00:00:00+00:00,2020-03-07T00:00:00+00:00,Sapphire Suites: Manila,Sapphire Suites,Manila,standard,1,1,0,5,133.55,667.75
orderid:795062,117-11W7,orderid:795062,crmid:7214682,2020-02-11T15:41:09+00:00,call center,prd1036,1583712000,1584489600,2020-03-09T00:00:00+00:00,2020-03-18T00:00:00+00:00,Sandhill: Fresno,Sandhill,Fresno,standard,1,1,1,9,111.12,1000.08
orderid:632128,CRV-U0ST,orderid:632128,crmid:3774128,2020-02-11T03:04:44+00:00,call center,prd1050,1583452800,1583798400,2020-03-06T00:00:00+00:00,2020-03-10T00:00:00+00:00,Restful Nights: Arlington,Restful Nights,Arlington,standard,1,1,0,4,113.72,454.88
orderid:640974,EGL-0ZQA,orderid:640974,crmid:5005543,2020-02-10T18:52:26+00:00,call center,prd1117,1583280000,1584662400,2020-03-04T00:00:00+00:00,2020-03-20T00:00:00+00:00,Admiralty Plaza: Dublin,Admiralty Plaza,Dublin,standard,1,1,0,16,120.08,1921.28
orderid:852347,LHL-E7OS,orderid:852347,crmid:9725605,2020-02-09T00:34:53+00:00,call center,prd1177,1583712000,1584057600,2020-03-09T00:00:00+00:00,2020-03-13T00:00:00+00:00,Admiralty Plaza: Raleigh,Admiralty Plaza,Raleigh,premium,1,1,0,4,136.53,546.12
orderid:725280,8Y7-EV0Q,orderid:725280,crmid:2890937,2020-02-11T03:23:40+00:00,call center,prd1044,1581465600,1581724800,2020-02-12T00:00:00+00:00,2020-02-15T00:00:00+00:00,Repose Resort: Colorado Springs,Repose Resort,Colorado Springs,standard,1,1,0,3,125.69,377.07
orderid:796926,PLF-COP1,orderid:796926,crmid:3216063,2020-02-09T22:42:47+00:00,call center,prd1045,1583193600,1583712000,2020-03-03T00:00:00+00:00,2020-03-09T00:00:00+00:00,Admiralty Plaza: Miami,Admiralty Plaza,Miami,standard,1,1,0,6,168.15,1008.9
orderid:117638,GNA-TT4R,orderid:117638,crmid:9118911,2020-02-09T10:33:55+00:00,call center,prd1083,1583366400,1584057600,2020-03-05T00:00:00+00:00,2020-03-13T00:00:00+00:00,Hospitality Inn: Bangkok,Hospitality Inn,Bangkok,presidential-suite,1,1,4,8,842.95,6743.6
orderid:477061,7MR-LEA8,orderid:477061,crmid:8514478,2020-02-09T02:38:56+00:00,call center,prd1190,1581292800,1581638400,2020-02-10T00:00:00+00:00,2020-02-14T00:00:00+00:00,Blue Reef Resort: Aurora,Blue Reef Resort,Aurora,premium,1,1,0,4,144.39,577.56
orderid:780941,CNM-4JQ1,orderid:780941,crmid:4196052,2020-02-11T02:05:00+00:00,call center,prd1165,1581465600,1581811200,2020-02-12T00:00:00+00:00,2020-02-16T00:00:00+00:00,Admiralty Plaza: Louisville,Admiralty Plaza,Louisville,standard,1,1,0,4,165.39,661.56
orderid:438618,IK3-EYYO,orderid:438618,crmid:7329646,2020-02-11T16:41:50+00:00,call center,prd1124,1582761600,1583280000,2020-02-27T00:00:00+00:00,2020-03-04T00:00:00+00:00,Aspen Heights: Leeds,Aspen Heights,Leeds,standard,1,1,2,6,135.81,814.86
orderid:749416,RAD-HUIX,orderid:749416,crmid:6564421,2020-02-09T04:29:42+00:00,call center,prd1022,1583020800,1583539200,2020-03-01T00:00:00+00:00,2020-03-07T00:00:00+00:00,Blue Reef Resort: Washington DC,Blue Reef Resort,Washington DC,standard,1,1,0,6,179.49,1076.94
orderid:521146,9NV-FFGX,orderid:521146,crmid:8357015,2020-02-10T18:33:14+00:00,call center,prd1033,1582761600,1583280000,2020-02-27T00:00:00+00:00,2020-03-04T00:00:00+00:00,Admiralty Plaza: Milwaukee,Admiralty Plaza,Milwaukee,standard,1,1,0,6,125.19,751.14
orderid:846709,1YS-6G91,orderid:846709,crmid:3365243,2020-02-10T02:46:21+00:00,call center,prd1148,1583884800,1584576000,2020-03-11T00:00:00+00:00,2020-03-19T00:00:00+00:00,Aspen Heights: Jacksonville,Aspen Heights,Jacksonville,standard,1,1,4,8,111.83,894.64
orderid:624368,EOP-WG9J,orderid:624368,crmid:8327135,2020-02-10T11:49:06+00:00,call center,prd1127,1583020800,1583539200,2020-03-01T00:00:00+00:00,2020-03-07T00:00:00+00:00,Nesting Box Inn: Glasgow,Nesting Box Inn,Glasgow,standard,1,1,0,6,155.87,935.22
orderid:549426,ICL-XA2J,orderid:549426,crmid:8971355,2020-02-11T10:39:53+00:00,call center,prd1167,1581465600,1581552000,2020-02-12T00:00:00+00:00,2020-02-13T00:00:00+00:00,Hospitality Inn: Milwaukee,Hospitality Inn,Milwaukee,standard,1,1,0,1,139.97,139.97
orderid:530567,69E-G2NH,orderid:530567,crmid:2266547,2020-02-08T12:04:37+00:00,call center,prd1155,1581638400,1581897600,2020-02-14T00:00:00+00:00,2020-02-17T00:00:00+00:00,Hospitality Inn: Denver,Hospitality Inn,Denver,premium,1,1,0,3,184.61,553.83
orderid:650622,BLI-4XGE,orderid:650622,crmid:5654172,2020-02-10T12:28:07+00:00,call center,prd1092,1581465600,1581638400,2020-02-12T00:00:00+00:00,2020-02-14T00:00:00+00:00,Repose Resort: Cape Town,Repose Resort,Cape Town,standard,1,1,0,2,166.57,333.14
orderid:107274,CHU-LJV2,orderid:107274,crmid:7565100,2020-02-09T01:25:20+00:00,call center,prd1194,1583452800,1583798400,2020-03-06T00:00:00+00:00,2020-03-10T00:00:00+00:00,Restful Nights: Tianjin,Restful Nights,Tianjin,premium,1,1,2,4,115.96,463.84
orderid:572544,MV7-XABS,orderid:572544,crmid:7542129,2020-02-10T17:29:52+00:00,call center,prd1127,1582934400,1583452800,2020-02-29T00:00:00+00:00,2020-03-06T00:00:00+00:00,Nesting Box Inn: Glasgow,Nesting Box Inn,Glasgow,premium,1,1,1,6,139.24,835.44
orderid:870566,4DO-P3V0,orderid:870566,crmid:8705728,2020-02-11T22:51:35+00:00,call center,prd1196,1581465600,1581552000,2020-02-12T00:00:00+00:00,2020-02-13T00:00:00+00:00,Aspen Heights: Moscow,Aspen Heights,Moscow,standard,1,1,0,1,118.5,118.5
orderid:613981,DTD-P9Z4,orderid:613981,crmid:2026559,2020-02-10T11:29:09+00:00,call center,prd1055,1583193600,1584403200,2020-03-03T00:00:00+00:00,2020-03-17T00:00:00+00:00,Nesting Box Inn: Bakersfield,Nesting Box Inn,Bakersfield,standard,1,1,0,14,147.8,2069.2
orderid:733855,LMM-QOOV,orderid:733855,crmid:8301247,2020-02-11T16:16:00+00:00,call center,prd1047,1581724800,1581897600,2020-02-15T00:00:00+00:00,2020-02-17T00:00:00+00:00,Hospitality Inn: Oakland,Hospitality Inn,Oakland,standard,1,1,0,2,111.57,223.14
orderid:367612,HMD-U3TZ,orderid:367612,crmid:2693741,2020-02-10T13:24:30+00:00,call center,prd1032,1583366400,1583452800,2020-03-05T00:00:00+00:00,2020-03-06T00:00:00+00:00,Repose Resort: Baltimore,Repose Resort,Baltimore,standard,1,1,0,1,157.57,157.57
orderid:255307,F32-WJVM,orderid:255307,crmid:2377145,2020-02-09T15:43:16+00:00,call center,prd1054,1582416000,1583020800,2020-02-23T00:00:00+00:00,2020-03-01T00:00:00+00:00,Sego Lily Suites: Tampa,Sego Lily Suites,Tampa,standard,1,1,0,7,130.02,910.14
orderid:260799,PYN-IKAL,orderid:260799,crmid:1550577,2020-02-08T17:40:26+00:00,call center,prd1033,1581206400,1581292800,2020-02-09T00:00:00+00:00,2020-02-10T00:00:00+00:00,Admiralty Plaza: Milwaukee,Admiralty Plaza,Milwaukee,standard,1,1,0,1,149.09,149.09
orderid:190732,NGR-G57U,orderid:190732,crmid:9226472,2020-02-11T15:34:14+00:00,call center,prd1022,1583366400,1583971200,2020-03-05T00:00:00+00:00,2020-03-12T00:00:00+00:00,Blue Reef Resort: Washington DC,Blue Reef Resort,Washington DC,standard,1,1,0,7,121.68,851.76
orderid:271905,VLE-QLGO,orderid:271905,crmid:6784688,2020-02-09T00:19:20+00:00,call center,prd1093,1583193600,1583798400,2020-03-03T00:00:00+00:00,2020-03-10T00:00:00+00:00,Admiralty Plaza: Yokohama,Admiralty Plaza,Yokohama,premium,1,1,0,7,105.74,740.18
orderid:262279,WDJ-AGYJ,orderid:262279,crmid:6572690,2020-02-11T14:16:45+00:00,call center,prd1033,1581465600,1581638400,2020-02-12T00:00:00+00:00,2020-02-14T00:00:00+00:00,Admiralty Plaza: Milwaukee,Admiralty Plaza,Milwaukee,standard,1,1,0,2,122.44,244.88
orderid:834431,BUS-WEYD,orderid:834431,crmid:8887021,2020-02-10T15:56:24+00:00,call center,prd1085,1581638400,1581724800,2020-02-14T00:00:00+00:00,2020-02-15T00:00:00+00:00,Grandeur Hotels: Saint Petersburg,Grandeur Hotels,Saint Petersburg,standard,1,1,0,1,161.07,161.07
orderid:850440,NSH-Q4JW,orderid:850440,crmid:7793587,2020-02-10T03:22:50+00:00,call center,prd1131,1583280000,1584144000,2020-03-04T00:00:00+00:00,2020-03-14T00:00:00+00:00,Hospitality Inn: Sheffield,Hospitality Inn,Sheffield,standard,1,1,0,10,142.06,1420.6
orderid:907996,PAZ-YRXU,orderid:907996,crmid:9182986,2020-02-08T22:07:55+00:00,call center,prd1185,1583107200,1583712000,2020-03-02T00:00:00+00:00,2020-03-09T00:00:00+00:00,Sapphire Suites: New Orleans,Sapphire Suites,New Orleans,standard,1,1,0,7,119.91,839.37
orderid:456739,XXX-ZEAP,orderid:456739,crmid:2873544,2020-02-11T02:55:53+00:00,call center,prd1076,1581465600,1581552000,2020-02-12T00:00:00+00:00,2020-02-13T00:00:00+00:00,Aspen Heights: Bogota,Aspen Heights,Bogota,standard,1,1,0,1,135.06,135.06
orderid:919692,IKS-WKFM,orderid:919692,crmid:6776628,2020-02-10T21:43:07+00:00,call center,prd1088,1581811200,1582070400,2020-02-16T00:00:00+00:00,2020-02-19T00:00:00+00:00,Aspen Heights: Ankara,Aspen Heights,Ankara,premium,1,1,0,3,131.02,393.06
orderid:757169,9N3-U6AH,orderid:757169,crmid:9554089,2020-02-10T18:10:46+00:00,call center,prd1046,1583280000,1583798400,2020-03-04T00:00:00+00:00,2020-03-10T00:00:00+00:00,Blue Reef Resort: Virginia Beach,Blue Reef Resort,Virginia Beach,standard,1,1,3,6,155.96,935.76
orderid:931739,3U0-JVXA,orderid:931739,crmid:4581459,2020-02-08T14:32:16+00:00,call center,prd1100,1581206400,1581379200,2020-02-09T00:00:00+00:00,2020-02-11T00:00:00+00:00,Aspen Heights: Misk,Aspen Heights,Misk,standard,1,1,0,2,118.73,237.46
orderid:103556,PDQ-WM83,orderid:103556,crmid:3271611,2020-02-11T08:31:50+00:00,call center,prd1082,1581984000,1582070400,2020-02-18T00:00:00+00:00,2020-02-19T00:00:00+00:00,Blue Reef Resort: Surat,Blue Reef Resort,Surat,standard,1,1,0,1,145.81,145.81
orderid:956622,WJS-2QDY,orderid:956622,crmid:8989561,2020-02-11T17:36:39+00:00,call center,prd1058,1581465600,1581638400,2020-02-12T00:00:00+00:00,2020-02-14T00:00:00+00:00,Blue Reef Resort: Delhi,Blue Reef Resort,Delhi,standard,1,1,0,2,151.96,303.92
orderid:391224,7ND-UYCK,orderid:391224,crmid:3414545,2020-02-09T16:18:56+00:00,call center,prd1124,1581292800,1581379200,2020-02-10T00:00:00+00:00,2020-02-11T00:00:00+00:00,Aspen Heights: Leeds,Aspen Heights,Leeds,standard,1,1,0,1,135.89,135.89
orderid:382619,USI-YFSX,orderid:382619,crmid:8246623,2020-02-09T17:20:02+00:00,call center,prd1194,1582934400,1583452800,2020-02-29T00:00:00+00:00,2020-03-06T00:00:00+00:00,Restful Nights: Tianjin,Restful Nights,Tianjin,standard,1,1,0,6,188.98,1133.88
orderid:228131,PEC-PN0O,orderid:228131,crmid:3434935,2020-02-11T17:17:10+00:00,call center,prd1028,1581465600,1581552000,2020-02-12T00:00:00+00:00,2020-02-13T00:00:00+00:00,Aspen Heights: Portland,Aspen Heights,Portland,standard,1,1,0,1,126.74,126.74
orderid:337601,DLV-7Z4F,orderid:337601,crmid:7032450,2020-02-11T04:31:02+00:00,call center,prd1190,1581638400,1582156800,2020-02-14T00:00:00+00:00,2020-02-20T00:00:00+00:00,Blue Reef Resort: Aurora,Blue Reef Resort,Aurora,standard,1,1,0,6,134.62,807.72
orderid:590542,26V-YEUY,orderid:590542,crmid:4187076,2020-02-08T15:40:31+00:00,call center,prd1169,1581292800,1581379200,2020-02-10T00:00:00+00:00,2020-02-11T00:00:00+00:00,Grandeur Hotels: Tucson,Grandeur Hotels,Tucson,standard,1,1,0,1,206.1,206.1
orderid:276470,VDH-AKAH,orderid:276470,crmid:8791523,2020-02-11T20:40:43+00:00,call center,prd1088,1581552000,1581724800,2020-02-13T00:00:00+00:00,2020-02-15T00:00:00+00:00,Aspen Heights: Ankara,Aspen Heights,Ankara,premium,1,1,0,2,135.77,271.54
orderid:359421,OQK-MTSQ,orderid:359421,crmid:3201659,2020-02-11T18:22:03+00:00,call center,prd1045,1583539200,1585180800,2020-03-07T00:00:00+00:00,2020-03-26T00:00:00+00:00,Admiralty Plaza: Miami,Admiralty Plaza,Miami,standard,1,1,0,19,141.15,2681.85
orderid:709108,WXQ-9MQY,orderid:709108,crmid:2197553,2020-02-09T11:31:58+00:00,call center,prd1141,1582761600,1583107200,2020-02-27T00:00:00+00:00,2020-03-02T00:00:00+00:00,Admiralty Plaza: Phoenix,Admiralty Plaza,Phoenix,standard,1,1,0,4,150.01,600.04
orderid:362167,VLQ-0MCT,orderid:362167,crmid:2895207,2020-02-09T07:32:45+00:00,call center,prd1045,1581465600,1581638400,2020-02-12T00:00:00+00:00,2020-02-14T00:00:00+00:00,Admiralty Plaza: Miami,Admiralty Plaza,Miami,standard,1,1,0,2,149.67,299.34
orderid:399226,MTV-LAVF,orderid:399226,crmid:6628759,2020-02-11T01:25:53+00:00,call center,prd1177,1582502400,1582934400,2020-02-24T00:00:00+00:00,2020-02-29T00:00:00+00:00,Admiralty Plaza: Raleigh,Admiralty Plaza,Raleigh,standard,1,1,3,5,123.0,615.0
orderid:533164,POZ-QFPX,orderid:533164,crmid:7064716,2020-02-08T21:30:31+00:00,call center,prd1074,1581465600,1581552000,2020-02-12T00:00:00+00:00,2020-02-13T00:00:00+00:00,Restful Nights: Mexico City,Restful Nights,Mexico City,standard,1,1,0,1,109.12,109.12
orderid:789125,EQV-MCB7,orderid:789125,crmid:7261470,2020-02-10T19:41:58+00:00,call center,prd1034,1581465600,1581811200,2020-02-12T00:00:00+00:00,2020-02-16T00:00:00+00:00,Blue Reef Resort: Albuquerque,Blue Reef Resort,Albuquerque,standard,1,1,0,4,160.61,642.44
orderid:711533,FHR-KJYJ,orderid:711533,crmid:9017768,2020-02-09T11:23:45+00:00,call center,prd1050,1582848000,1583539200,2020-02-28T00:00:00+00:00,2020-03-07T00:00:00+00:00,Restful Nights: Arlington,Restful Nights,Arlington,premium,1,1,0,8,147.45,1179.6
orderid:567279,YWN-RYHR,orderid:567279,crmid:8022449,2020-02-09T00:56:06+00:00,call center,prd1014,1581465600,1581552000,2020-02-12T00:00:00+00:00,2020-02-13T00:00:00+00:00,Restful Nights: Jacksonville,Restful Nights,Jacksonville,standard,1,1,0,1,97.34,97.34
orderid:567829,HQ7-ZUJM,orderid:567829,crmid:4159774,2020-02-09T20:26:04+00:00,call center,prd1137,1583625600,1584316800,2020-03-08T00:00:00+00:00,2020-03-16T00:00:00+00:00,Sapphire Suites: Manila,Sapphire Suites,Manila,standard,1,1,0,8,148.91,1191.28
orderid:479505,8OS-CY5A,orderid:479505,crmid:6471734,2020-02-11T18:26:13+00:00,call center,prd1022,1581465600,1581552000,2020-02-12T00:00:00+00:00,2020-02-13T00:00:00+00:00,Blue Reef Resort: Washington DC,Blue Reef Resort,Washington DC,standard,1,1,0,1,157.4,157.4
orderid:189281,LGZ-LOP8,orderid:189281,crmid:9105035,2020-02-10T01:29:56+00:00,call center,prd1196,1581465600,1581897600,2020-02-12T00:00:00+00:00,2020-02-17T00:00:00+00:00,Aspen Heights: Moscow,Aspen Heights,Moscow,standard,1,1,0,5,120.51,602.55
orderid:767542,Y2T-J0QX,orderid:767542,crmid:7970208,2020-02-11T14:49:18+00:00,call center,prd1142,1582070400,1582502400,2020-02-19T00:00:00+00:00,2020-02-24T00:00:00+00:00,Blue Reef Resort: Philadelphia,Blue Reef Resort,Philadelphia,standard,1,1,0,5,131.91,659.55
orderid:343685,5HH-WFQD,orderid:343685,crmid:8741509,2020-02-10T07:23:18+00:00,call center,prd1177,1581465600,1581552000,2020-02-12T00:00:00+00:00,2020-02-13T00:00:00+00:00,Admiralty Plaza: Raleigh,Admiralty Plaza,Raleigh,standard,1,1,0,1,96.51,96.51
orderid:357602,R9E-YBOY,orderid:357602,crmid:8319317,2020-02-09T15:56:00+00:00,call center,prd1015,1583625600,1584230400,2020-03-08T00:00:00+00:00,2020-03-15T00:00:00+00:00,Family Fun Hotels: San Francisco,Family Fun Hotels,San Francisco,luxury,1,1,0,7,297.92,2085.44
orderid:604982,SV9-TVIO,orderid:604982,crmid:8398210,2020-02-10T15:18:13+00:00,call center,prd1142,1581379200,1581638400,2020-02-11T00:00:00+00:00,2020-02-14T00:00:00+00:00,Blue Reef Resort: Philadelphia,Blue Reef Resort,Philadelphia,standard,1,1,0,3,144.64,433.92
orderid:277367,U7D-E4SW,orderid:277367,crmid:3301439,2020-02-08T18:45:56+00:00,call center,prd1111,1581206400,1581379200,2020-02-09T00:00:00+00:00,2020-02-11T00:00:00+00:00,Family Fun Hotels: Prague,Family Fun Hotels,Prague,standard,1,1,0,2,158.16,316.32
orderid:239127,YQX-VTOL,orderid:239127,crmid:5711122,2020-02-10T22:41:42+00:00,call center,prd1083,1581379200,1581811200,2020-02-11T00:00:00+00:00,2020-02-16T00:00:00+00:00,Hospitality Inn: Bangkok,Hospitality Inn,Bangkok,standard,1,1,0,5,128.69,643.45
orderid:298560,2G0-UPOL,orderid:298560,crmid:2622322,2020-02-09T20:38:10+00:00,call center,prd1159,1581292800,1581379200,2020-02-10T00:00:00+00:00,2020-02-11T00:00:00+00:00,Family Fun Hotels: Detroit,Family Fun Hotels,Detroit,standard,1,1,0,1,128.47,128.47
orderid:205742,VOF-ERHR,orderid:205742,crmid:6314366,2020-02-09T18:59:29+00:00,call center,prd1149,1583280000,1583884800,2020-03-04T00:00:00+00:00,2020-03-11T00:00:00+00:00,Sapphire Suites: San Francisco,Sapphire Suites,San Francisco,premium,1,1,0,7,158.79,1111.53
orderid:648611,ADM-ABUB,orderid:648611,crmid:5535309,2020-02-10T00:01:03+00:00,call center,prd1041,1581465600,1582848000,2020-02-12T00:00:00+00:00,2020-02-28T00:00:00+00:00,Sapphire Suites: Long Beach,Sapphire Suites,Long Beach,premium,1,1,0,16,165.18,2642.88
orderid:466386,1UZ-GUFK,orderid:466386,crmid:2492086,2020-02-11T11:22:53+00:00,call center,prd1014,1583884800,1584835200,2020-03-11T00:00:00+00:00,2020-03-22T00:00:00+00:00,Restful Nights: Jacksonville,Restful Nights,Jacksonville,standard,1,1,2,11,146.9,1615.9
orderid:563740,7BZ-F6FY,orderid:563740,crmid:7688011,2020-02-09T23:46:07+00:00,call center,prd1135,1581638400,1581897600,2020-02-14T00:00:00+00:00,2020-02-17T00:00:00+00:00,Family Fun Hotels: Vancouver,Family Fun Hotels,Vancouver,ultra-luxury,1,1,0,3,250.19,750.57
orderid:763281,0OX-SYEF,orderid:763281,crmid:6039282,2020-02-09T16:35:42+00:00,call center,prd1076,1581984000,1582588800,2020-02-18T00:00:00+00:00,2020-02-25T00:00:00+00:00,Aspen Heights: Bogota,Aspen Heights,Bogota,ultra-luxury,1,1,2,7,332.92,2330.44
orderid:822983,TTH-DVSC,orderid:822983,crmid:7054264,2020-02-10T14:51:19+00:00,call center,prd1141,1581379200,1581638400,2020-02-11T00:00:00+00:00,2020-02-14T00:00:00+00:00,Admiralty Plaza: Phoenix,Admiralty Plaza,Phoenix,premium,1,1,0,3,126.47,379.41
orderid:117880,CUY-BHIH,orderid:117880,crmid:8006911,2020-02-10T14:30:10+00:00,call center,prd1040,1582934400,1584057600,2020-02-29T00:00:00+00:00,2020-03-13T00:00:00+00:00,Aspen Heights: Atlanta,Aspen Heights,Atlanta,premium,1,1,3,13,148.38,1928.94
orderid:965352,550-7VEX,orderid:965352,crmid:4515130,2020-02-11T00:31:17+00:00,call center,prd1178,1583452800,1584144000,2020-03-06T00:00:00+00:00,2020-03-14T00:00:00+00:00,Blue Reef Resort: Colorado Springs,Blue Reef Resort,Colorado Springs,standard,1,1,0,8,150.56,1204.48
orderid:795294,JU2-FSPA,orderid:795294,crmid:8845350,2020-02-09T09:17:10+00:00,call center,prd1027,1583280000,1583971200,2020-03-04T00:00:00+00:00,2020-03-12T00:00:00+00:00,Family Fun Hotels: Memphis,Family Fun Hotels,Memphis,standard,1,1,2,8,169.3,1354.4
orderid:878408,RUU-7CQG,orderid:878408,crmid:1173407,2020-02-10T17:33:34+00:00,call center,prd1011,1583280000,1583798400,2020-03-04T00:00:00+00:00,2020-03-10T00:00:00+00:00,Hospitality Inn: Dallas,Hospitality Inn,Dallas,ultra-luxury,1,1,0,6,380.41,2282.46
orderid:330419,16M-ATPH,orderid:330419,crmid:9813756,2020-02-11T22:36:26+00:00,call center,prd1057,1582848000,1583280000,2020-02-28T00:00:00+00:00,2020-03-04T00:00:00+00:00,Admiralty Plaza: Mumbai,Admiralty Plaza,Mumbai,standard,1,1,4,5,89.67,448.35
orderid:629457,I3Y-ZVUS,orderid:629457,crmid:2134587,2020-02-11T19:13:17+00:00,call center,prd1052,1581465600,1581638400,2020-02-12T00:00:00+00:00,2020-02-14T00:00:00+00:00,Aspen Heights: Wichita,Aspen Heights,Wichita,premium,1,1,0,2,134.49,268.98
orderid:527708,F91-VHHC,orderid:527708,crmid:4667918,2020-02-11T06:30:14+00:00,call center,prd1193,1583539200,1584835200,2020-03-07T00:00:00+00:00,2020-03-22T00:00:00+00:00,Grandeur Hotels: Kinshasa,Grandeur Hotels,Kinshasa,premium,1,1,0,15,173.3,2599.5
orderid:497524,XEM-EEBW,orderid:497524,crmid:3784194,2020-02-09T01:10:58+00:00,call center,prd1025,1583193600,1583884800,2020-03-03T00:00:00+00:00,2020-03-11T00:00:00+00:00,Grandeur Hotels: Detroit,Grandeur Hotels,Detroit,standard,1,1,0,8,122.21,977.68
orderid:385202,SWK-TRTV,orderid:385202,crmid:5409249,2020-02-11T18:26:45+00:00,call center,prd1108,1581465600,1581552000,2020-02-12T00:00:00+00:00,2020-02-13T00:00:00+00:00,Sandhill: Milan,Sandhill,Milan,standard,1,1,0,1,151.75,151.75
orderid:742813,XG6-DCCS,orderid:742813,crmid:7909528,2020-02-11T05:43:34+00:00,call center,prd1061,1583539200,1584230400,2020-03-07T00:00:00+00:00,2020-03-15T00:00:00+00:00,Grandeur Hotels: Lahore,Grandeur Hotels,Lahore,premium,1,1,0,8,168.36,1346.88
orderid:645825,92O-YQWG,orderid:645825,crmid:4331810,2020-02-11T20:53:35+00:00,call center,prd1117,1583712000,1584489600,2020-03-09T00:00:00+00:00,2020-03-18T00:00:00+00:00,Admiralty Plaza: Dublin,Admiralty Plaza,Dublin,standard,1,1,0,9,128.72,1158.48
orderid:606486,FIF-5BDO,orderid:606486,crmid:2245509,2020-02-09T16:18:04+00:00,call center,prd1109,1581724800,1581811200,2020-02-15T00:00:00+00:00,2020-02-16T00:00:00+00:00,Grandeur Hotels: Belgrade,Grandeur Hotels,Belgrade,standard,1,1,0,1,148.86,148.86
orderid:163790,QJK-FCDR,orderid:163790,crmid:6350371,2020-02-11T02:50:12+00:00,call center,prd1074,1581465600,1581552000,2020-02-12T00:00:00+00:00,2020-02-13T00:00:00+00:00,Restful Nights: Mexico City,Restful Nights,Mexico City,standard,1,1,0,1,114.99,114.99
orderid:553515,PU1-PU4I,orderid:553515,crmid:3466991,2020-02-08T23:26:04+00:00,call center,prd1036,1583107200,1583712000,2020-03-02T00:00:00+00:00,2020-03-09T00:00:00+00:00,Sandhill: Fresno,Sandhill,Fresno,standard,1,1,1,7,121.56,850.92
orderid:793950,MQW-E0RV,orderid:793950,crmid:2526538,2020-02-08T19:36:33+00:00,call center,prd1022,1582502400,1582934400,2020-02-24T00:00:00+00:00,2020-02-29T00:00:00+00:00,Blue Reef Resort: Washington DC,Blue Reef Resort,Washington DC,premium,1,1,0,5,151.2,756.0
orderid:536271,TDK-0NTB,orderid:536271,crmid:5540780,2020-02-09T14:25:13+00:00,call center,prd1017,1583625600,1584144000,2020-03-08T00:00:00+00:00,2020-03-14T00:00:00+00:00,Sapphire Suites: Fort Worth,Sapphire Suites,Fort Worth,standard,1,1,3,6,149.51,897.06
orderid:459065,RGE-4Y40,orderid:459065,crmid:4339574,2020-02-11T23:16:53+00:00,call center,prd1010,1581465600,1581638400,2020-02-12T00:00:00+00:00,2020-02-14T00:00:00+00:00,Blue Reef Resort: San Diego,Blue Reef Resort,San Diego,premium,1,1,0,2,117.99,235.98
orderid:924064,NOX-D50S,orderid:924064,crmid:2297929,2020-02-11T11:49:40+00:00,call center,prd1074,1581465600,1581638400,2020-02-12T00:00:00+00:00,2020-02-14T00:00:00+00:00,Restful Nights: Mexico City,Restful Nights,Mexico City,standard,1,1,0,2,194.93,389.86
orderid:352675,DYL-1KSG,orderid:352675,crmid:1330612,2020-02-11T10:11:50+00:00,call center,prd1089,1581552000,1581811200,2020-02-13T00:00:00+00:00,2020-02-16T00:00:00+00:00,Sapphire Suites: Rome,Sapphire Suites,Rome,standard,1,1,0,3,209.11,627.33
orderid:752124,I5F-4IIT,orderid:752124,crmid:4483638,2020-02-10T10:54:31+00:00,call center,prd1022,1581552000,1581897600,2020-02-13T00:00:00+00:00,2020-02-17T00:00:00+00:00,Blue Reef Resort: Washington DC,Blue Reef Resort,Washington DC,standard,1,1,0,4,69.85,279.4
orderid:850794,SS0-V0BG,orderid:850794,crmid:6411033,2020-02-10T04:53:10+00:00,call center,prd1166,1581379200,1581552000,2020-02-11T00:00:00+00:00,2020-02-13T00:00:00+00:00,Blue Reef Resort: Baltimore,Blue Reef Resort,Baltimore,standard,1,1,0,2,121.72,243.44
orderid:395959,FHX-68XG,orderid:395959,crmid:2379544,2020-02-09T03:47:33+00:00,call center,prd1094,1581292800,1581638400,2020-02-10T00:00:00+00:00,2020-02-14T00:00:00+00:00,Blue Reef Resort: Berlin,Blue Reef Resort,Berlin,premium,1,1,0,4,138.8,555.2
orderid:143225,4EU-5B3B,orderid:143225,crmid:8518335,2020-02-09T12:03:27+00:00,call center,prd1144,1581552000,1582156800,2020-02-13T00:00:00+00:00,2020-02-20T00:00:00+00:00,Sandhill: San Diego,Sandhill,San Diego,premium,1,1,1,7,167.17,1170.19
orderid:897842,RUX-DZUP,orderid:897842,crmid:7713517,2020-02-11T13:18:43+00:00,call center,prd1190,1581811200,1581897600,2020-02-16T00:00:00+00:00,2020-02-17T00:00:00+00:00,Blue Reef Resort: Aurora,Blue Reef Resort,Aurora,standard,1,1,0,1,137.17,137.17
orderid:223299,UTQ-1AYO,orderid:223299,crmid:2208125,2020-02-09T13:45:01+00:00,call center,prd1034,1581552000,1582761600,2020-02-13T00:00:00+00:00,2020-02-27T00:00:00+00:00,Blue Reef Resort: Albuquerque,Blue Reef Resort,Albuquerque,standard,1,1,0,14,133.12,1863.68
orderid:736992,1SM-CBVT,orderid:736992,crmid:8138201,2020-02-10T04:15:26+00:00,call center,prd1001,1583625600,1584662400,2020-03-08T00:00:00+00:00,2020-03-20T00:00:00+00:00,Grandeur Hotels: New York,Grandeur Hotels,New York,standard,1,1,0,12,167.59,2011.08
orderid:751583,PSC-P5YY,orderid:751583,crmid:2319108,2020-02-09T11:16:36+00:00,call center,prd1023,1583020800,1583971200,2020-03-01T00:00:00+00:00,2020-03-12T00:00:00+00:00,Hospitality Inn: Boston,Hospitality Inn,Boston,standard,1,1,0,11,129.36,1422.96
orderid:836616,3H3-ZM4B,orderid:836616,crmid:6747301,2020-02-10T19:54:08+00:00,call center,prd1136,1583884800,1584403200,2020-03-11T00:00:00+00:00,2020-03-17T00:00:00+00:00,Aspen Heights: Osaka,Aspen Heights,Osaka,standard,1,1,1,6,130.14,780.84
orderid:277308,YUJ-JDR8,orderid:277308,crmid:7116072,2020-02-09T17:04:39+00:00,call center,prd1028,1583366400,1583884800,2020-03-05T00:00:00+00:00,2020-03-11T00:00:00+00:00,Aspen Heights: Portland,Aspen Heights,Portland,premium,1,1,0,6,132.03,792.18
orderid:535168,DJZ-EJJU,orderid:535168,crmid:2704341,2020-02-08T20:03:47+00:00,call center,prd1075,1583625600,1584662400,2020-03-08T00:00:00+00:00,2020-03-20T00:00:00+00:00,Family Fun Hotels: Bangalore,Family Fun Hotels,Bangalore,standard,1,1,0,12,134.89,1618.68
orderid:513617,2LS-TYK8,orderid:513617,crmid:3077018,2020-02-09T09:50:57+00:00,call center,prd1157,1583193600,1583452800,2020-03-03T00:00:00+00:00,2020-03-06T00:00:00+00:00,Grandeur Hotels: Boston,Grandeur Hotels,Boston,standard,1,1,0,3,119.82,359.46
orderid:819094,OYN-FL0G,orderid:819094,crmid:7395731,2020-02-10T05:15:40+00:00,call center,prd1045,1583625600,1584316800,2020-03-08T00:00:00+00:00,2020-03-16T00:00:00+00:00,Admiralty Plaza: Miami,Admiralty Plaza,Miami,standard,1,1,0,8,178.5,1428.0
orderid:799995,7OX-VAOE,orderid:799995,crmid:6094001,2020-02-09T14:31:08+00:00,call center,prd1057,1581984000,1582416000,2020-02-18T00:00:00+00:00,2020-02-23T00:00:00+00:00,Admiralty Plaza: Mumbai,Admiralty Plaza,Mumbai,premium,1,1,2,5,142.09,710.45
orderid:487675,DK8-HJZI,orderid:487675,crmid:7435071,2020-02-10T15:39:36+00:00,call center,prd1098,1582156800,1583280000,2020-02-20T00:00:00+00:00,2020-03-04T00:00:00+00:00,Restful Nights: Kiev,Restful Nights,Kiev,premium,1,1,0,13,149.71,1946.23
orderid:578583,UP0-49HC,orderid:578583,crmid:5341058,2020-02-09T10:32:10+00:00,call center,prd1004,1583366400,1584316800,2020-03-05T00:00:00+00:00,2020-03-16T00:00:00+00:00,Aspen Heights: Boulder,Aspen Heights,Boulder,premium,1,1,0,11,129.4,1423.4
orderid:485869,KDO-N76F,orderid:485869,crmid:7503705,2020-02-10T09:58:08+00:00,call center,prd1046,1582934400,1583107200,2020-02-29T00:00:00+00:00,2020-03-02T00:00:00+00:00,Blue Reef Resort: Virginia Beach,Blue Reef Resort,Virginia Beach,standard,1,1,0,2,181.83,363.66
orderid:910962,OMM-SLFG,orderid:910962,crmid:4898359,2020-02-11T18:08:16+00:00,call center,prd1141,1581465600,1581552000,2020-02-12T00:00:00+00:00,2020-02-13T00:00:00+00:00,Admiralty Plaza: Phoenix,Admiralty Plaza,Phoenix,standard,1,1,0,1,108.54,108.54
orderid:269665,NPS-VMDP,orderid:269665,crmid:8281558,2020-02-11T10:31:29+00:00,call center,prd1136,1581465600,1581724800,2020-02-12T00:00:00+00:00,2020-02-15T00:00:00+00:00,Aspen Heights: Osaka,Aspen Heights,Osaka,standard,1,1,0,3,135.56,406.68
orderid:810866,PRU-NR5B,orderid:810866,crmid:2070282,2020-02-09T12:28:45+00:00,call center,prd1177,1583107200,1583712000,2020-03-02T00:00:00+00:00,2020-03-09T00:00:00+00:00,Admiralty Plaza: Raleigh,Admiralty Plaza,Raleigh,standard,1,1,0,7,144.71,1012.97
orderid:249891,MYM-V3VX,orderid:249891,crmid:8763516,2020-02-11T21:29:58+00:00,call center,prd1153,1581724800,1581897600,2020-02-15T00:00:00+00:00,2020-02-17T00:00:00+00:00,Admiralty Plaza: Charlotte,Admiralty Plaza,Charlotte,standard,1,1,0,2,126.75,253.5
orderid:985246,WLY-8GCW,orderid:985246,crmid:4882910,2020-02-10T16:42:50+00:00,call center,prd1094,1582070400,1582502400,2020-02-19T00:00:00+00:00,2020-02-24T00:00:00+00:00,Blue Reef Resort: Berlin,Blue Reef Resort,Berlin,standard,1,1,0,5,123.67,618.35
orderid:320613,43M-5CXX,orderid:320613,crmid:9789769,2020-02-11T05:23:54+00:00,call center,prd1190,1581465600,1581897600,2020-02-12T00:00:00+00:00,2020-02-17T00:00:00+00:00,Blue Reef Resort: Aurora,Blue Reef Resort,Aurora,standard,1,1,0,5,98.08,490.4
orderid:998411,B1P-KNUX,orderid:998411,crmid:1084880,2020-02-11T09:51:18+00:00,call center,prd1005,1583884800,1584403200,2020-03-11T00:00:00+00:00,2020-03-17T00:00:00+00:00,Sapphire Suites: Los Angeles,Sapphire Suites,Los Angeles,standard,1,1,0,6,125.0,750.0
orderid:746179,KUN-UZ92,orderid:746179,crmid:3391132,2020-02-11T13:51:10+00:00,call center,prd1179,1583280000,1583366400,2020-03-04T00:00:00+00:00,2020-03-05T00:00:00+00:00,Hospitality Inn: Miami,Hospitality Inn,Miami,premium,1,1,3,1,57.74,57.74
orderid:564816,5YU-UOUW,orderid:564816,crmid:1807947,2020-02-09T14:33:38+00:00,call center,prd1158,1581811200,1582070400,2020-02-16T00:00:00+00:00,2020-02-19T00:00:00+00:00,Restful Nights: El Paso,Restful Nights,El Paso,standard,1,1,0,3,146.82,440.46
orderid:916586,N7N-IQCX,orderid:916586,crmid:4579982,2020-02-09T22:03:01+00:00,call center,prd1037,1583280000,1583798400,2020-03-04T00:00:00+00:00,2020-03-10T00:00:00+00:00,Grandeur Hotels: Sacramento,Grandeur Hotels,Sacramento,standard,1,1,0,6,163.05,978.3
orderid:732506,JLX-8DUL,orderid:732506,crmid:1818772,2020-02-11T21:15:03+00:00,call center,prd1076,1583107200,1584489600,2020-03-02T00:00:00+00:00,2020-03-18T00:00:00+00:00,Aspen Heights: Bogota,Aspen Heights,Bogota,standard,1,1,0,16,135.45,2167.2
orderid:146298,JPD-Z5NE,orderid:146298,crmid:8487171,2020-02-10T08:18:41+00:00,call center,prd1076,1581638400,1581897600,2020-02-14T00:00:00+00:00,2020-02-17T00:00:00+00:00,Aspen Heights: Bogota,Aspen Heights,Bogota,standard,1,1,0,3,147.86,443.58
orderid:620612,OJS-593H,orderid:620612,crmid:2417436,2020-02-10T05:33:11+00:00,call center,prd1045,1581465600,1581552000,2020-02-12T00:00:00+00:00,2020-02-13T00:00:00+00:00,Admiralty Plaza: Miami,Admiralty Plaza,Miami,standard,1,1,0,1,154.31,154.31
orderid:189538,N5N-37ED,orderid:189538,crmid:8602802,2020-02-11T22:13:34+00:00,call center,prd1146,1581465600,1581552000,2020-02-12T00:00:00+00:00,2020-02-13T00:00:00+00:00,Restful Nights: San Jose,Restful Nights,San Jose,premium,1,1,0,1,104.6,104.6
orderid:743729,BMY-CRZH,orderid:743729,crmid:6487632,2020-02-10T22:13:13+00:00,call center,prd1194,1583452800,1584057600,2020-03-06T00:00:00+00:00,2020-03-13T00:00:00+00:00,Restful Nights: Tianjin,Restful Nights,Tianjin,standard,1,1,2,7,126.59,886.13
orderid:393195,ZGW-VHWL,orderid:393195,crmid:4678533,2020-02-10T00:18:48+00:00,call center,prd1101,1583539200,1584144000,2020-03-07T00:00:00+00:00,2020-03-14T00:00:00+00:00,Sapphire Suites: Vienna,Sapphire Suites,Vienna,premium,1,1,0,7,160.69,1124.83
orderid:253524,IZQ-SQO0,orderid:253524,crmid:9707778,2020-02-11T19:13:27+00:00,call center,prd1093,1583193600,1583539200,2020-03-03T00:00:00+00:00,2020-03-07T00:00:00+00:00,Admiralty Plaza: Yokohama,Admiralty Plaza,Yokohama,standard,1,1,1,4,156.98,627.92
orderid:359108,N0K-P6X7,orderid:359108,crmid:6774475,2020-02-10T03:51:32+00:00,call center,prd1038,1582848000,1584144000,2020-02-28T00:00:00+00:00,2020-03-14T00:00:00+00:00,Restful Nights: Mesa,Restful Nights,Mesa,luxury,1,1,0,15,308.67,4630.05
orderid:165889,FUV-PRQT,orderid:165889,crmid:3016545,2020-02-09T20:54:33+00:00,call center,prd1178,1581292800,1581552000,2020-02-10T00:00:00+00:00,2020-02-13T00:00:00+00:00,Blue Reef Resort: Colorado Springs,Blue Reef Resort,Colorado Springs,standard,1,1,0,3,195.88,587.64
orderid:624076,TNW-DZ4P,orderid:624076,crmid:5335264,2020-02-08T23:17:09+00:00,call center,prd1124,1581206400,1581552000,2020-02-09T00:00:00+00:00,2020-02-13T00:00:00+00:00,Aspen Heights: Leeds,Aspen Heights,Leeds,standard,1,1,0,4,137.68,550.72
orderid:786519,7LZ-P6VE,orderid:786519,crmid:1286981,2020-02-11T17:27:29+00:00,call center,prd1106,1581465600,1581552000,2020-02-12T00:00:00+00:00,2020-02-13T00:00:00+00:00,Blue Reef Resort: Munich,Blue Reef Resort,Munich,premium,1,1,0,1,114.35,114.35
orderid:666289,7TL-OKFN,orderid:666289,crmid:8092898,2020-02-10T13:55:45+00:00,call center,prd1002,1582416000,1582761600,2020-02-23T00:00:00+00:00,2020-02-27T00:00:00+00:00,Restful Nights: Chicago,Restful Nights,Chicago,luxury,1,1,0,4,337.17,1348.68
orderid:879011,VRT-2EMP,orderid:879011,crmid:7709119,2020-02-11T17:39:14+00:00,call center,prd1112,1583712000,1584748800,2020-03-09T00:00:00+00:00,2020-03-21T00:00:00+00:00,Aspen Heights: Birmingham,Aspen Heights,Birmingham,premium,1,1,0,12,182.9,2194.8
orderid:932369,DO5-Z5PB,orderid:932369,crmid:5844888,2020-02-11T23:42:37+00:00,call center,prd1075,1581465600,1581724800,2020-02-12T00:00:00+00:00,2020-02-15T00:00:00+00:00,Family Fun Hotels: Bangalore,Family Fun Hotels,Bangalore,premium,1,1,0,3,180.46,541.38
orderid:313842,4VB-ALJJ,orderid:313842,crmid:5922847,2020-02-10T17:02:18+00:00,call center,prd1021,1583884800,1584403200,2020-03-11T00:00:00+00:00,2020-03-17T00:00:00+00:00,Admiralty Plaza: Denver,Admiralty Plaza,Denver,standard,1,1,0,6,120.82,724.92
orderid:250080,QKS-0JWG,orderid:250080,crmid:7215397,2020-02-10T14:13:45+00:00,call center,prd1052,1581379200,1581811200,2020-02-11T00:00:00+00:00,2020-02-16T00:00:00+00:00,Aspen Heights: Wichita,Aspen Heights,Wichita,standard,1,1,0,5,127.67,638.35
orderid:255383,QZI-E2KB,orderid:255383,crmid:9075023,2020-02-10T17:43:21+00:00,call center,prd1130,1581379200,1581465600,2020-02-11T00:00:00+00:00,2020-02-12T00:00:00+00:00,Blue Reef Resort: Bremen,Blue Reef Resort,Bremen,premium,1,1,0,1,143.82,143.82
orderid:449378,LM6-VKHG,orderid:449378,crmid:2990672,2020-02-11T13:15:40+00:00,call center,prd1133,1581465600,1581552000,2020-02-12T00:00:00+00:00,2020-02-13T00:00:00+00:00,Grandeur Hotels: Toronto,Grandeur Hotels,Toronto,standard,1,1,0,1,139.47,139.47
orderid:683470,LQ6-FIBT,orderid:683470,crmid:5471577,2020-02-08T09:06:23+00:00,call center,prd1008,1581465600,1581897600,2020-02-12T00:00:00+00:00,2020-02-17T00:00:00+00:00,Repose Resort: Philadelphia,Repose Resort,Philadelphia,premium,1,1,0,5,99.1,495.5
orderid:306091,CBD-TY7O,orderid:306091,crmid:9369764,2020-02-09T11:55:48+00:00,call center,prd1153,1583452800,1584748800,2020-03-06T00:00:00+00:00,2020-03-21T00:00:00+00:00,Admiralty Plaza: Charlotte,Admiralty Plaza,Charlotte,premium,1,1,0,15,140.4,2106.0
orderid:231001,WU8-S1NZ,orderid:231001,crmid:3527340,2020-02-10T06:07:12+00:00,call center,prd1147,1581379200,1581638400,2020-02-11T00:00:00+00:00,2020-02-14T00:00:00+00:00,Family Fun Hotels: Austin,Family Fun Hotels,Austin,standard,1,1,0,3,179.85,539.55
orderid:904468,MCM-XTL7,orderid:904468,crmid:1573122,2020-02-09T19:17:42+00:00,call center,prd1134,1583539200,1584748800,2020-03-07T00:00:00+00:00,2020-03-21T00:00:00+00:00,Restful Nights: Montreal,Restful Nights,Montreal,premium,1,1,0,14,120.4,1685.6
orderid:458007,PVT-OLUP,orderid:458007,crmid:9773357,2020-02-11T09:59:53+00:00,call center,prd1088,1581465600,1581724800,2020-02-12T00:00:00+00:00,2020-02-15T00:00:00+00:00,Aspen Heights: Ankara,Aspen Heights,Ankara,standard,1,1,0,3,141.43,424.29
orderid:238047,EWQ-OIRY,orderid:238047,crmid:9705453,2020-02-10T17:10:32+00:00,call center,prd1010,1583280000,1584057600,2020-03-04T00:00:00+00:00,2020-03-13T00:00:00+00:00,Blue Reef Resort: San Diego,Blue Reef Resort,San Diego,standard,1,1,0,9,135.68,1221.12
orderid:978928,XGF-FCR8,orderid:978928,crmid:9497866,2020-02-10T03:56:21+00:00,call center,prd1057,1581552000,1581638400,2020-02-13T00:00:00+00:00,2020-02-14T00:00:00+00:00,Admiralty Plaza: Mumbai,Admiralty Plaza,Mumbai,ultra-luxury,1,1,0,1,289.98,289.98
orderid:816113,1OX-EEK5,orderid:816113,crmid:8856116,2020-02-10T06:07:48+00:00,call center,prd1166,1583280000,1583971200,2020-03-04T00:00:00+00:00,2020-03-12T00:00:00+00:00,Blue Reef Resort: Baltimore,Blue Reef Resort,Baltimore,standard,1,1,0,8,135.24,1081.92
orderid:307663,PWU-5V8Y,orderid:307663,crmid:2524947,2020-02-09T11:04:44+00:00,call center,prd1160,1583452800,1585094400,2020-03-06T00:00:00+00:00,2020-03-25T00:00:00+00:00,Aspen Heights: Nashville,Aspen Heights,Nashville,premium,1,1,4,19,116.38,2211.22
orderid:914867,TKE-3DZL,orderid:914867,crmid:2575108,2020-02-09T18:36:27+00:00,call center,prd1117,1583280000,1583884800,2020-03-04T00:00:00+00:00,2020-03-11T00:00:00+00:00,Admiralty Plaza: Dublin,Admiralty Plaza,Dublin,standard,1,1,0,7,156.87,1098.09
orderid:209698,LSY-AS3V,orderid:209698,crmid:1345723,2020-02-10T10:08:38+00:00,call center,prd1166,1582761600,1583193600,2020-02-27T00:00:00+00:00,2020-03-03T00:00:00+00:00,Blue Reef Resort: Baltimore,Blue Reef Resort,Baltimore,premium,1,1,0,5,107.11,535.55
orderid:967367,HFP-HIGA,orderid:967367,crmid:7260478,2020-02-10T21:17:30+00:00,call center,prd1005,1583280000,1584057600,2020-03-04T00:00:00+00:00,2020-03-13T00:00:00+00:00,Sapphire Suites: Los Angeles,Sapphire Suites,Los Angeles,standard,1,1,0,9,119.12,1072.08
orderid:713196,EXH-QJAZ,orderid:713196,crmid:8403252,2020-02-10T22:27:54+00:00,call center,prd1172,1582416000,1583884800,2020-02-23T00:00:00+00:00,2020-03-11T00:00:00+00:00,Aspen Heights: Mesa,Aspen Heights,Mesa,standard,1,1,0,17,124.12,2110.04
orderid:892098,ODX-M2IC,orderid:892098,crmid:3638746,2020-02-10T03:44:04+00:00,call center,prd1082,1581465600,1581552000,2020-02-12T00:00:00+00:00,2020-02-13T00:00:00+00:00,Blue Reef Resort: Surat,Blue Reef Resort,Surat,standard,1,1,0,1,180.58,180.58
orderid:893170,K5R-3A9W,orderid:893170,crmid:6194400,2020-02-11T05:55:51+00:00,call center,prd1161,1581465600,1581552000,2020-02-12T00:00:00+00:00,2020-02-13T00:00:00+00:00,Sapphire Suites: Memphis,Sapphire Suites,Memphis,premium,1,1,0,1,143.73,143.73
orderid:856358,OSG-UXLW,orderid:856358,crmid:5183085,2020-02-09T10:24:55+00:00,call center,prd1052,1582761600,1583539200,2020-02-27T00:00:00+00:00,2020-03-07T00:00:00+00:00,Aspen Heights: Wichita,Aspen Heights,Wichita,standard,1,1,0,9,118.93,1070.37
orderid:763550,XAS-WZWC,orderid:763550,crmid:7920899,2020-02-09T17:48:43+00:00,call center,prd1034,1582934400,1583539200,2020-02-29T00:00:00+00:00,2020-03-07T00:00:00+00:00,Blue Reef Resort: Albuquerque,Blue Reef Resort,Albuquerque,standard,1,1,0,7,105.38,737.66
orderid:553376,CU9-9XZB,orderid:553376,crmid:9573375,2020-02-11T00:36:21+00:00,call center,prd1105,1581897600,1582416000,2020-02-17T00:00:00+00:00,2020-02-23T00:00:00+00:00,Admiralty Plaza: Barcelona,Admiralty Plaza,Barcelona,luxury,1,1,0,6,244.53,1467.18
orderid:944660,XMA-OWFB,orderid:944660,crmid:4420555,2020-02-09T06:43:26+00:00,call center,prd1166,1582416000,1583020800,2020-02-23T00:00:00+00:00,2020-03-01T00:00:00+00:00,Blue Reef Resort: Baltimore,Blue Reef Resort,Baltimore,standard,1,1,1,7,122.66,858.62
orderid:527158,DBY-QU5D,orderid:527158,crmid:8881458,2020-02-10T08:57:14+00:00,call center,prd1028,1582070400,1582588800,2020-02-19T00:00:00+00:00,2020-02-25T00:00:00+00:00,Aspen Heights: Portland,Aspen Heights,Portland,premium,1,1,0,6,161.93,971.58
orderid:740198,LGP-NNR0,orderid:740198,crmid:7558753,2020-02-11T10:49:20+00:00,call center,prd1093,1583107200,1584144000,2020-03-02T00:00:00+00:00,2020-03-14T00:00:00+00:00,Admiralty Plaza: Yokohama,Admiralty Plaza,Yokohama,luxury,1,1,0,12,295.72,3548.64
orderid:791474,UI5-APGJ,orderid:791474,crmid:2356599,2020-02-10T15:53:24+00:00,call center,prd1112,1583193600,1583452800,2020-03-03T00:00:00+00:00,2020-03-06T00:00:00+00:00,Aspen Heights: Birmingham,Aspen Heights,Birmingham,presidential-suite,1,1,4,3,824.2,2472.6
orderid:506797,121-MYKC,orderid:506797,crmid:4124190,2020-02-11T21:58:18+00:00,call center,prd1141,1583712000,1584921600,2020-03-09T00:00:00+00:00,2020-03-23T00:00:00+00:00,Admiralty Plaza: Phoenix,Admiralty Plaza,Phoenix,premium,1,1,0,14,113.8,1593.2
orderid:847863,96B-TVPY,orderid:847863,crmid:5469984,2020-02-11T22:40:37+00:00,call center,prd1143,1581465600,1581638400,2020-02-12T00:00:00+00:00,2020-02-14T00:00:00+00:00,Hospitality Inn: San Antonio,Hospitality Inn,San Antonio,premium,1,1,0,2,123.85,247.7
orderid:225378,GK6-EQJY,orderid:225378,crmid:6318703,2020-02-10T01:34:16+00:00,call center,prd1142,1582243200,1582588800,2020-02-21T00:00:00+00:00,2020-02-25T00:00:00+00:00,Blue Reef Resort: Philadelphia,Blue Reef Resort,Philadelphia,standard,1,1,0,4,157.15,628.6
orderid:527606,0E1-CQNF,orderid:527606,crmid:4559170,2020-02-09T09:23:03+00:00,call center,prd1134,1582934400,1583539200,2020-02-29T00:00:00+00:00,2020-03-07T00:00:00+00:00,Restful Nights: Montreal,Restful Nights,Montreal,standard,1,1,0,7,129.35,905.45
orderid:954429,QNT-KI0X,orderid:954429,crmid:5994941,2020-02-10T21:16:09+00:00,call center,prd1187,1581379200,1581811200,2020-02-11T00:00:00+00:00,2020-02-16T00:00:00+00:00,Nesting Box Inn: Cleveland,Nesting Box Inn,Cleveland,standard,1,1,0,5,152.32,761.6
orderid:316847,9MJ-V9TI,orderid:316847,crmid:2925069,2020-02-09T08:55:13+00:00,call center,prd1022,1581724800,1581897600,2020-02-15T00:00:00+00:00,2020-02-17T00:00:00+00:00,Blue Reef Resort: Washington DC,Blue Reef Resort,Washington DC,standard,1,1,0,2,141.66,283.32
orderid:746086,PGW-FDX6,orderid:746086,crmid:1513848,2020-02-11T10:53:59+00:00,call center,prd1035,1581552000,1581638400,2020-02-13T00:00:00+00:00,2020-02-14T00:00:00+00:00,Hospitality Inn: Tucson,Hospitality Inn,Tucson,standard,1,1,0,1,126.31,126.31
orderid:592771,IIQ-I3KC,orderid:592771,crmid:4061715,2020-02-10T16:34:50+00:00,call center,prd1081,1583366400,1583971200,2020-03-05T00:00:00+00:00,2020-03-12T00:00:00+00:00,Admiralty Plaza: Rod de Janeiro,Admiralty Plaza,Rod de Janeiro,standard,1,1,0,7,119.97,839.79
orderid:548427,WVO-QD5P,orderid:548427,crmid:9674212,2020-02-09T08:55:22+00:00,call center,prd1136,1581292800,1581379200,2020-02-10T00:00:00+00:00,2020-02-11T00:00:00+00:00,Aspen Heights: Osaka,Aspen Heights,Osaka,standard,1,1,0,1,149.52,149.52
orderid:648128,0NO-W5KA,orderid:648128,crmid:7720564,2020-02-09T04:22:10+00:00,call center,prd1013,1582761600,1583280000,2020-02-27T00:00:00+00:00,2020-03-04T00:00:00+00:00,Grandeur Hotels: Austin,Grandeur Hotels,Austin,standard,1,1,0,6,137.64,825.84
orderid:520522,XIA-O8YI,orderid:520522,crmid:9972629,2020-02-09T02:51:10+00:00,call center,prd1071,1581379200,1581638400,2020-02-11T00:00:00+00:00,2020-02-14T00:00:00+00:00,Hospitality Inn: Seoul,Hospitality Inn,Seoul,standard,1,1,0,3,126.91,380.73
orderid:674762,BXR-0VN8,orderid:674762,crmid:8255146,2020-02-11T06:09:11+00:00,call center,prd1097,1583366400,1584057600,2020-03-05T00:00:00+00:00,2020-03-13T00:00:00+00:00,Grandeur Hotels: Buenos Aires,Grandeur Hotels,Buenos Aires,standard,1,1,0,8,170.7,1365.6
orderid:495871,3CW-MVCP,orderid:495871,crmid:2437522,2020-02-09T14:37:08+00:00,call center,prd1196,1581552000,1581638400,2020-02-13T00:00:00+00:00,2020-02-14T00:00:00+00:00,Aspen Heights: Moscow,Aspen Heights,Moscow,premium,1,1,0,1,123.78,123.78
orderid:231971,MJ5-EIJT,orderid:231971,crmid:4637950,2020-02-10T21:55:09+00:00,call center,prd1011,1581379200,1581638400,2020-02-11T00:00:00+00:00,2020-02-14T00:00:00+00:00,Hospitality Inn: Dallas,Hospitality Inn,Dallas,standard,1,1,0,3,173.35,520.05
orderid:789572,S7C-QFBH,orderid:789572,crmid:7652830,2020-02-09T05:42:40+00:00,call center,prd1190,1583107200,1583798400,2020-03-02T00:00:00+00:00,2020-03-10T00:00:00+00:00,Blue Reef Resort: Aurora,Blue Reef Resort,Aurora,standard,1,1,0,8,129.84,1038.72
orderid:118132,QVU-WSWI,orderid:118132,crmid:1341527,2020-02-09T00:41:29+00:00,call center,prd1188,1583798400,1584662400,2020-03-10T00:00:00+00:00,2020-03-20T00:00:00+00:00,Repose Resort: Tampa,Repose Resort,Tampa,standard,1,1,0,10,96.55,965.5
orderid:246948,KS6-CV3N,orderid:246948,crmid:4692920,2020-02-09T00:18:36+00:00,call center,prd1095,1583366400,1584576000,2020-03-05T00:00:00+00:00,2020-03-19T00:00:00+00:00,Hospitality Inn: Casablanca,Hospitality Inn,Casablanca,luxury,1,1,0,14,309.7,4335.8
orderid:883328,IFZ-2Y1W,orderid:883328,crmid:1967115,2020-02-11T03:00:19+00:00,call center,prd1189,1583280000,1583971200,2020-03-04T00:00:00+00:00,2020-03-12T00:00:00+00:00,Admiralty Plaza: Bakersfield,Admiralty Plaza,Bakersfield,luxury,1,1,0,8,327.95,2623.6
orderid:560729,G7R-V5VQ,orderid:560729,crmid:2476063,2020-02-10T16:28:07+00:00,call center,prd1112,1581724800,1582329600,2020-02-15T00:00:00+00:00,2020-02-22T00:00:00+00:00,Aspen Heights: Birmingham,Aspen Heights,Birmingham,standard,1,1,2,7,151.54,1060.78
orderid:140773,Y00-DAKH,orderid:140773,crmid:1872901,2020-02-09T18:25:01+00:00,call center,prd1076,1581465600,1581638400,2020-02-12T00:00:00+00:00,2020-02-14T00:00:00+00:00,Aspen Heights: Bogota,Aspen Heights,Bogota,premium,1,1,0,2,137.28,274.56
orderid:763286,UK9-RWDM,orderid:763286,crmid:9224649,2020-02-11T02:05:00+00:00,call center,prd1045,1583625600,1583798400,2020-03-08T00:00:00+00:00,2020-03-10T00:00:00+00:00,Admiralty Plaza: Miami,Admiralty Plaza,Miami,standard,1,1,0,2,135.72,271.44
orderid:395063,GXH-G1YF,orderid:395063,crmid:7471608,2020-02-10T14:36:05+00:00,call center,prd1010,1581465600,1581724800,2020-02-12T00:00:00+00:00,2020-02-15T00:00:00+00:00,Blue Reef Resort: San Diego,Blue Reef Resort,San Diego,standard,1,1,0,3,131.51,394.53
orderid:919148,46Z-OEKX,orderid:919148,crmid:7929739,2020-02-11T05:00:58+00:00,call center,prd1132,1583884800,1584144000,2020-03-11T00:00:00+00:00,2020-03-14T00:00:00+00:00,Sandhill: Oslo,Sandhill,Oslo,premium,1,1,0,3,152.08,456.24
orderid:652207,EIH-B62X,orderid:652207,crmid:7954440,2020-02-09T12:44:15+00:00,call center,prd1143,1583798400,1584316800,2020-03-10T00:00:00+00:00,2020-03-16T00:00:00+00:00,Hospitality Inn: San Antonio,Hospitality Inn,San Antonio,standard,1,1,0,6,142.82,856.92
orderid:840232,2IM-BAPD,orderid:840232,crmid:4303506,2020-02-08T18:07:47+00:00,call center,prd1100,1582416000,1583971200,2020-02-23T00:00:00+00:00,2020-03-12T00:00:00+00:00,Aspen Heights: Misk,Aspen Heights,Misk,standard,1,1,0,18,114.58,2062.44
orderid:399867,UVV-W7Q8,orderid:399867,crmid:8739128,2020-02-11T07:51:02+00:00,call center,prd1027,1583625600,1584489600,2020-03-08T00:00:00+00:00,2020-03-18T00:00:00+00:00,Family Fun Hotels: Memphis,Family Fun Hotels,Memphis,standard,1,1,2,10,114.76,1147.6
orderid:939862,GS1-SG6P,orderid:939862,crmid:4396689,2020-02-09T04:44:02+00:00,call center,prd1189,1581292800,1581379200,2020-02-10T00:00:00+00:00,2020-02-11T00:00:00+00:00,Admiralty Plaza: Bakersfield,Admiralty Plaza,Bakersfield,standard,1,1,0,1,121.24,121.24
orderid:596972,TZX-VFWQ,orderid:596972,crmid:8081436,2020-02-11T16:58:59+00:00,call center,prd1035,1582156800,1582675200,2020-02-20T00:00:00+00:00,2020-02-26T00:00:00+00:00,Hospitality Inn: Tucson,Hospitality Inn,Tucson,standard,1,1,0,6,162.53,975.18
orderid:131370,S33-N8OM,orderid:131370,crmid:4109299,2020-02-09T15:59:50+00:00,call center,prd1106,1582934400,1583539200,2020-02-29T00:00:00+00:00,2020-03-07T00:00:00+00:00,Blue Reef Resort: Munich,Blue Reef Resort,Munich,standard,1,1,0,7,135.68,949.76
orderid:226993,XJA-LVBT,orderid:226993,crmid:8740006,2020-02-11T01:35:20+00:00,call center,prd1125,1583539200,1584057600,2020-03-07T00:00:00+00:00,2020-03-13T00:00:00+00:00,Sapphire Suites: Palermo,Sapphire Suites,Palermo,premium,1,1,0,6,142.67,856.02
orderid:617565,JIH-JQS8,orderid:617565,crmid:2381085,2020-02-11T12:05:03+00:00,call center,prd1069,1581552000,1581724800,2020-02-13T00:00:00+00:00,2020-02-15T00:00:00+00:00,Admiralty Plaza: Singapore,Admiralty Plaza,Singapore,premium,1,1,0,2,131.51,263.02
orderid:634444,BOM-9HL1,orderid:634444,crmid:1550479,2020-02-10T12:49:03+00:00,call center,prd1076,1583452800,1583539200,2020-03-06T00:00:00+00:00,2020-03-07T00:00:00+00:00,Aspen Heights: Bogota,Aspen Heights,Bogota,standard,1,1,0,1,182.1,182.1
orderid:698697,DHY-SGHV,orderid:698697,crmid:3779572,2020-02-08T14:40:44+00:00,call center,prd1157,1583366400,1584576000,2020-03-05T00:00:00+00:00,2020-03-19T00:00:00+00:00,Grandeur Hotels: Boston,Grandeur Hotels,Boston,standard,1,1,0,14,113.64,1590.96
orderid:745092,TOS-G3C3,orderid:745092,crmid:1890725,2020-02-09T15:29:25+00:00,call center,prd1020,1582070400,1582156800,2020-02-19T00:00:00+00:00,2020-02-20T00:00:00+00:00,Repose Resort: Seattle,Repose Resort,Seattle,standard,1,1,3,1,145.6,145.6
orderid:147252,JAR-1V6T,orderid:147252,crmid:5606724,2020-02-09T09:37:33+00:00,call center,prd1029,1583280000,1584057600,2020-03-04T00:00:00+00:00,2020-03-13T00:00:00+00:00,Sapphire Suites: Oklahoma City,Sapphire Suites,Oklahoma City,premium,1,1,3,9,171.5,1543.5
orderid:687260,YDB-Q3HS,orderid:687260,crmid:1911213,2020-02-11T23:28:51+00:00,call center,prd1165,1583625600,1584057600,2020-03-08T00:00:00+00:00,2020-03-13T00:00:00+00:00,Admiralty Plaza: Louisville,Admiralty Plaza,Louisville,standard,1,1,4,5,128.9,644.5
orderid:724959,ESR-ADHE,orderid:724959,crmid:2599611,2020-02-09T02:43:28+00:00,call center,prd1045,1583020800,1583625600,2020-03-01T00:00:00+00:00,2020-03-08T00:00:00+00:00,Admiralty Plaza: Miami,Admiralty Plaza,Miami,premium,1,1,0,7,133.31,933.17
orderid:905680,PC6-FC3R,orderid:905680,crmid:8689894,2020-02-11T12:08:06+00:00,call center,prd1165,1582156800,1583798400,2020-02-20T00:00:00+00:00,2020-03-10T00:00:00+00:00,Admiralty Plaza: Louisville,Admiralty Plaza,Louisville,standard,1,1,4,19,106.96,2032.24
orderid:220284,TUH-RVTR,orderid:220284,crmid:9457375,2020-02-10T06:01:51+00:00,call center,prd1077,1583280000,1583884800,2020-03-04T00:00:00+00:00,2020-03-11T00:00:00+00:00,Sapphire Suites: Cairo,Sapphire Suites,Cairo,premium,1,1,0,7,83.15,582.05
orderid:727228,WTU-QXDL,orderid:727228,crmid:4107465,2020-02-10T07:04:45+00:00,call center,prd1179,1583366400,1583971200,2020-03-05T00:00:00+00:00,2020-03-12T00:00:00+00:00,Hospitality Inn: Miami,Hospitality Inn,Miami,luxury,1,1,0,7,380.49,2663.43
orderid:427656,5Q9-HVPV,orderid:427656,crmid:8926208,2020-02-09T05:19:09+00:00,call center,prd1136,1583366400,1583798400,2020-03-05T00:00:00+00:00,2020-03-10T00:00:00+00:00,Aspen Heights: Osaka,Aspen Heights,Osaka,standard,1,1,0,5,188.53,942.65
orderid:893515,LUL-MIOX,orderid:893515,crmid:9986492,2020-02-10T16:45:26+00:00,call center,prd1117,1583539200,1584057600,2020-03-07T00:00:00+00:00,2020-03-13T00:00:00+00:00,Admiralty Plaza: Dublin,Admiralty Plaza,Dublin,standard,1,1,0,6,118.14,708.84
orderid:668289,MKO-CJEM,orderid:668289,crmid:1697059,2020-02-11T19:00:12+00:00,call center,prd1112,1583280000,1583884800,2020-03-04T00:00:00+00:00,2020-03-11T00:00:00+00:00,Aspen Heights: Birmingham,Aspen Heights,Birmingham,standard,1,1,0,7,121.72,852.04
orderid:770954,QOQ-SHGT,orderid:770954,crmid:2310615,2020-02-10T19:12:39+00:00,call center,prd1020,1581379200,1581638400,2020-02-11T00:00:00+00:00,2020-02-14T00:00:00+00:00,Repose Resort: Seattle,Repose Resort,Seattle,standard,1,1,0,3,101.97,305.91
orderid:918274,UCB-1FQY,orderid:918274,crmid:7454526,2020-02-10T06:45:54+00:00,call center,prd1153,1582848000,1583884800,2020-02-28T00:00:00+00:00,2020-03-11T00:00:00+00:00,Admiralty Plaza: Charlotte,Admiralty Plaza,Charlotte,standard,1,1,4,12,164.22,1970.64
orderid:920047,T1O-RZCV,orderid:920047,crmid:1473391,2020-02-11T16:05:05+00:00,call center,prd1167,1581552000,1581638400,2020-02-13T00:00:00+00:00,2020-02-14T00:00:00+00:00,Hospitality Inn: Milwaukee,Hospitality Inn,Milwaukee,standard,1,1,0,1,126.82,126.82
orderid:856700,SXD-QT0C,orderid:856700,crmid:1013076,2020-02-09T06:06:38+00:00,call center,prd1017,1581465600,1581638400,2020-02-12T00:00:00+00:00,2020-02-14T00:00:00+00:00,Sapphire Suites: Fort Worth,Sapphire Suites,Fort Worth,luxury,1,1,0,2,331.83,663.66
orderid:929169,JGQ-EBVM,orderid:929169,crmid:8905623,2020-02-10T21:22:56+00:00,call center,prd1095,1582934400,1583366400,2020-02-29T00:00:00+00:00,2020-03-05T00:00:00+00:00,Hospitality Inn: Casablanca,Hospitality Inn,Casablanca,standard,1,1,0,5,175.0,875.0
orderid:315708,SD3-7IGJ,orderid:315708,crmid:1874112,2020-02-09T13:58:45+00:00,call center,prd1036,1583280000,1583798400,2020-03-04T00:00:00+00:00,2020-03-10T00:00:00+00:00,Sandhill: Fresno,Sandhill,Fresno,standard,1,1,0,6,129.13,774.78
orderid:994876,N37-Q0QC,orderid:994876,crmid:2481188,2020-02-09T17:52:42+00:00,call center,prd1001,1582502400,1583107200,2020-02-24T00:00:00+00:00,2020-03-02T00:00:00+00:00,Grandeur Hotels: New York,Grandeur Hotels,New York,standard,1,1,0,7,101.75,712.25
orderid:265459,DF7-TAY1,orderid:265459,crmid:1944721,2020-02-09T07:37:01+00:00,call center,prd1056,1582761600,1584057600,2020-02-27T00:00:00+00:00,2020-03-13T00:00:00+00:00,Repose Resort: Aurora,Repose Resort,Aurora,standard,1,1,0,15,147.2,2208.0
orderid:768207,AV9-WXXU,orderid:768207,crmid:6354631,2020-02-11T07:53:32+00:00,call center,prd1069,1583366400,1583539200,2020-03-05T00:00:00+00:00,2020-03-07T00:00:00+00:00,Admiralty Plaza: Singapore,Admiralty Plaza,Singapore,standard,1,1,0,2,69.44,138.88
orderid:534061,5RM-OISD,orderid:534061,crmid:2797600,2020-02-11T08:04:27+00:00,call center,prd1091,1583625600,1584144000,2020-03-08T00:00:00+00:00,2020-03-14T00:00:00+00:00,Nesting Box Inn: New Taipei,Nesting Box Inn,New Taipei,premium,1,1,3,6,101.76,610.56
orderid:967918,9QF-DSMG,orderid:967918,crmid:5755532,2020-02-10T16:21:36+00:00,call center,prd1077,1582934400,1583712000,2020-02-29T00:00:00+00:00,2020-03-09T00:00:00+00:00,Sapphire Suites: Cairo,Sapphire Suites,Cairo,standard,1,1,2,9,203.03,1827.27
orderid:780545,UQ2-ILX7,orderid:780545,crmid:6874985,2020-02-10T10:16:18+00:00,call center,prd1076,1582848000,1583020800,2020-02-28T00:00:00+00:00,2020-03-01T00:00:00+00:00,Aspen Heights: Bogota,Aspen Heights,Bogota,ultra-luxury,1,1,0,2,347.66,695.32
orderid:156296,XYC-N9QK,orderid:156296,crmid:5849628,2020-02-10T10:44:48+00:00,call center,prd1136,1583193600,1583884800,2020-03-03T00:00:00+00:00,2020-03-11T00:00:00+00:00,Aspen Heights: Osaka,Aspen Heights,Osaka,premium,1,1,0,8,134.5,1076.0
orderid:442968,D10-D523,orderid:442968,crmid:5075532,2020-02-11T20:48:06+00:00,call center,prd1193,1582675200,1583020800,2020-02-26T00:00:00+00:00,2020-03-01T00:00:00+00:00,Grandeur Hotels: Kinshasa,Grandeur Hotels,Kinshasa,premium,1,1,1,4,124.78,499.12
orderid:963994,3GZ-HKQN,orderid:963994,crmid:1707426,2020-02-10T22:31:02+00:00,call center,prd1010,1581465600,1581984000,2020-02-12T00:00:00+00:00,2020-02-18T00:00:00+00:00,Blue Reef Resort: San Diego,Blue Reef Resort,San Diego,standard,1,1,0,6,136.67,820.02
orderid:977237,XOO-R8WA,orderid:977237,crmid:4279736,2020-02-09T06:42:00+00:00,call center,prd1124,1583280000,1583539200,2020-03-04T00:00:00+00:00,2020-03-07T00:00:00+00:00,Aspen Heights: Leeds,Aspen Heights,Leeds,standard,1,1,0,3,112.42,337.26
orderid:620974,O0N-W4P2,orderid:620974,crmid:1816196,2020-02-09T18:12:35+00:00,call center,prd1053,1582934400,1584144000,2020-02-29T00:00:00+00:00,2020-03-14T00:00:00+00:00,Sapphire Suites: Cleveland,Sapphire Suites,Cleveland,standard,1,1,0,14,150.9,2112.6
orderid:217251,JLT-JR8A,orderid:217251,crmid:6448024,2020-02-09T13:47:15+00:00,call center,prd1040,1581379200,1581724800,2020-02-11T00:00:00+00:00,2020-02-15T00:00:00+00:00,Aspen Heights: Atlanta,Aspen Heights,Atlanta,standard,1,1,0,4,95.1,380.4
orderid:157122,W31-QMJO,orderid:157122,crmid:8962440,2020-02-11T19:22:06+00:00,call center,prd1064,1581465600,1581897600,2020-02-12T00:00:00+00:00,2020-02-17T00:00:00+00:00,Aspen Heights: Paris,Aspen Heights,Paris,standard,1,1,0,5,143.34,716.7
orderid:990920,BM6-7SBM,orderid:990920,crmid:6567692,2020-02-10T11:07:25+00:00,call center,prd1049,1583280000,1583625600,2020-03-04T00:00:00+00:00,2020-03-08T00:00:00+00:00,Grandeur Hotels: Tulsa,Grandeur Hotels,Tulsa,standard,1,1,0,4,143.64,574.56
orderid:361762,LZ3-PQTD,orderid:361762,crmid:3467464,2020-02-11T09:58:44+00:00,call center,prd1129,1583193600,1584576000,2020-03-03T00:00:00+00:00,2020-03-19T00:00:00+00:00,Admiralty Plaza: Helsinki,Admiralty Plaza,Helsinki,premium,1,1,0,16,163.43,2614.88
orderid:880765,SVO-AAGX,orderid:880765,crmid:5389039,2020-02-10T07:06:09+00:00,call center,prd1093,1582934400,1583452800,2020-02-29T00:00:00+00:00,2020-03-06T00:00:00+00:00,Admiralty Plaza: Yokohama,Admiralty Plaza,Yokohama,presidential-suite,1,1,0,6,1025.29,6151.74
orderid:599894,DGI-RSKZ,orderid:599894,crmid:3883673,2020-02-09T23:03:09+00:00,call center,prd1148,1581292800,1581379200,2020-02-10T00:00:00+00:00,2020-02-11T00:00:00+00:00,Aspen Heights: Jacksonville,Aspen Heights,Jacksonville,premium,1,1,0,1,155.22,155.22
orderid:670062,IMK-ZST4,orderid:670062,crmid:4941080,2020-02-09T17:52:02+00:00,call center,prd1148,1581552000,1581897600,2020-02-13T00:00:00+00:00,2020-02-17T00:00:00+00:00,Aspen Heights: Jacksonville,Aspen Heights,Jacksonville,premium,1,1,0,4,160.52,642.08
orderid:158961,SBS-BTEG,orderid:158961,crmid:9441834,2020-02-10T18:20:23+00:00,call center,prd1107,1583539200,1583884800,2020-03-07T00:00:00+00:00,2020-03-11T00:00:00+00:00,Hospitality Inn: Kharkiv,Hospitality Inn,Kharkiv,standard,1,1,0,4,126.39,505.56
orderid:289594,WFH-BQEQ,orderid:289594,crmid:2103991,2020-02-10T02:55:53+00:00,call center,prd1008,1581638400,1582156800,2020-02-14T00:00:00+00:00,2020-02-20T00:00:00+00:00,Repose Resort: Philadelphia,Repose Resort,Philadelphia,standard,1,1,0,6,162.06,972.36
orderid:505590,DUP-KNUK,orderid:505590,crmid:2957682,2020-02-08T14:09:29+00:00,call center,prd1161,1583366400,1584057600,2020-03-05T00:00:00+00:00,2020-03-13T00:00:00+00:00,Sapphire Suites: Memphis,Sapphire Suites,Memphis,standard,1,1,1,8,125.23,1001.84
orderid:818931,VZL-Q2L2,orderid:818931,crmid:2999598,2020-02-10T03:13:22+00:00,call center,prd1117,1583280000,1583366400,2020-03-04T00:00:00+00:00,2020-03-05T00:00:00+00:00,Admiralty Plaza: Dublin,Admiralty Plaza,Dublin,ultra-luxury,1,1,0,1,349.06,349.06
orderid:833763,PUS-U0KN,orderid:833763,crmid:8749485,2020-02-10T14:16:41+00:00,call center,prd1166,1583625600,1584662400,2020-03-08T00:00:00+00:00,2020-03-20T00:00:00+00:00,Blue Reef Resort: Baltimore,Blue Reef Resort,Baltimore,standard,1,1,4,12,129.55,1554.6
orderid:210698,KOQ-TZOX,orderid:210698,crmid:6846917,2020-02-10T02:13:15+00:00,call center,prd1097,1583452800,1583971200,2020-03-06T00:00:00+00:00,2020-03-12T00:00:00+00:00,Grandeur Hotels: Buenos Aires,Grandeur Hotels,Buenos Aires,standard,1,1,0,6,115.4,692.4
orderid:645418,TLR-NXU5,orderid:645418,crmid:4520457,2020-02-11T23:17:09+00:00,call center,prd1093,1583107200,1583366400,2020-03-02T00:00:00+00:00,2020-03-05T00:00:00+00:00,Admiralty Plaza: Yokohama,Admiralty Plaza,Yokohama,standard,1,1,0,3,157.28,471.84
orderid:627647,DXV-UVLV,orderid:627647,crmid:2655778,2020-02-10T00:14:07+00:00,call center,prd1076,1581379200,1581552000,2020-02-11T00:00:00+00:00,2020-02-13T00:00:00+00:00,Aspen Heights: Bogota,Aspen Heights,Bogota,premium,1,1,0,2,123.87,247.74
orderid:540048,BFS-AQSY,orderid:540048,crmid:2669411,2020-02-09T14:15:01+00:00,call center,prd1070,1583625600,1583971200,2020-03-08T00:00:00+00:00,2020-03-12T00:00:00+00:00,Blue Reef Resort: Jakarta,Blue Reef Resort,Jakarta,premium,1,1,0,4,177.4,709.6
orderid:954262,F3Y-SJOS,orderid:954262,crmid:7168421,2020-02-10T23:32:55+00:00,call center,prd1149,1583193600,1583366400,2020-03-03T00:00:00+00:00,2020-03-05T00:00:00+00:00,Sapphire Suites: San Francisco,Sapphire Suites,San Francisco,premium,1,1,2,2,138.09,276.18
orderid:947663,ZRO-A9Q5,orderid:947663,crmid:3853913,2020-02-10T04:56:25+00:00,call center,prd1196,1581638400,1581811200,2020-02-14T00:00:00+00:00,2020-02-16T00:00:00+00:00,Aspen Heights: Moscow,Aspen Heights,Moscow,standard,1,1,0,2,135.05,270.1
orderid:838066,UO7-FIAP,orderid:838066,crmid:5104448,2020-02-09T21:28:30+00:00,call center,prd1064,1581292800,1581465600,2020-02-10T00:00:00+00:00,2020-02-12T00:00:00+00:00,Aspen Heights: Paris,Aspen Heights,Paris,standard,1,1,0,2,117.69,235.38
orderid:151626,9VF-VMNU,orderid:151626,crmid:8380127,2020-02-10T17:22:48+00:00,call center,prd1143,1581984000,1582675200,2020-02-18T00:00:00+00:00,2020-02-26T00:00:00+00:00,Hospitality Inn: San Antonio,Hospitality Inn,San Antonio,premium,1,1,0,8,180.49,1443.92
orderid:937651,LZG-A57H,orderid:937651,crmid:8950254,2020-02-08T23:45:37+00:00,call center,prd1005,1581379200,1581984000,2020-02-11T00:00:00+00:00,2020-02-18T00:00:00+00:00,Sapphire Suites: Los Angeles,Sapphire Suites,Los Angeles,premium,1,1,0,7,186.37,1304.59
orderid:427508,N90-KTIW,orderid:427508,crmid:2133037,2020-02-08T15:26:18+00:00,call center,prd1112,1582070400,1582416000,2020-02-19T00:00:00+00:00,2020-02-23T00:00:00+00:00,Aspen Heights: Birmingham,Aspen Heights,Birmingham,standard,1,1,2,4,168.83,675.32
orderid:177258,SWW-HXNA,orderid:177258,crmid:7798365,2020-02-09T09:11:20+00:00,call center,prd1082,1581724800,1582416000,2020-02-15T00:00:00+00:00,2020-02-23T00:00:00+00:00,Blue Reef Resort: Surat,Blue Reef Resort,Surat,premium,1,1,0,8,142.56,1140.48
orderid:508235,KLD-WPMV,orderid:508235,crmid:4441188,2020-02-09T11:13:37+00:00,call center,prd1040,1582243200,1582502400,2020-02-21T00:00:00+00:00,2020-02-24T00:00:00+00:00,Aspen Heights: Atlanta,Aspen Heights,Atlanta,luxury,1,1,2,3,358.16,1074.48
orderid:492039,80P-NHEO,orderid:492039,crmid:7712111,2020-02-10T11:37:02+00:00,call center,prd1077,1582848000,1583884800,2020-02-28T00:00:00+00:00,2020-03-11T00:00:00+00:00,Sapphire Suites: Cairo,Sapphire Suites,Cairo,standard,1,1,0,12,167.27,2007.24
orderid:452474,5LS-MZF2,orderid:452474,crmid:1520291,2020-02-09T16:49:25+00:00,call center,prd1155,1583107200,1583539200,2020-03-02T00:00:00+00:00,2020-03-07T00:00:00+00:00,Hospitality Inn: Denver,Hospitality Inn,Denver,standard,1,1,0,5,140.68,703.4
orderid:338414,KHH-UTGI,orderid:338414,crmid:5544110,2020-02-09T21:18:46+00:00,call center,prd1155,1581724800,1582329600,2020-02-15T00:00:00+00:00,2020-02-22T00:00:00+00:00,Hospitality Inn: Denver,Hospitality Inn,Denver,premium,1,1,0,7,158.2,1107.4
orderid:366523,USI-6MDL,orderid:366523,crmid:8667612,2020-02-11T16:24:44+00:00,call center,prd1135,1581465600,1581897600,2020-02-12T00:00:00+00:00,2020-02-17T00:00:00+00:00,Family Fun Hotels: Vancouver,Family Fun Hotels,Vancouver,standard,1,1,0,5,148.27,741.35
orderid:151950,O2E-5JYR,orderid:151950,crmid:1381369,2020-02-08T21:59:57+00:00,call center,prd1009,1582588800,1583193600,2020-02-25T00:00:00+00:00,2020-03-03T00:00:00+00:00,Admiralty Plaza: San Antonio,Admiralty Plaza,San Antonio,standard,1,1,0,7,158.29,1108.03
orderid:789305,RD9-ZVFN,orderid:789305,crmid:6065759,2020-02-11T18:13:35+00:00,call center,prd1064,1581552000,1581811200,2020-02-13T00:00:00+00:00,2020-02-16T00:00:00+00:00,Aspen Heights: Paris,Aspen Heights,Paris,standard,1,1,0,3,144.66,433.98
orderid:681366,WBA-EIVJ,orderid:681366,crmid:3927440,2020-02-10T07:09:02+00:00,call center,prd1179,1583107200,1583625600,2020-03-02T00:00:00+00:00,2020-03-08T00:00:00+00:00,Hospitality Inn: Miami,Hospitality Inn,Miami,standard,1,1,0,6,131.25,787.5
orderid:828557,Z49-FQW6,orderid:828557,crmid:7438888,2020-02-11T15:40:30+00:00,call center,prd1085,1583625600,1584230400,2020-03-08T00:00:00+00:00,2020-03-15T00:00:00+00:00,Grandeur Hotels: Saint Petersburg,Grandeur Hotels,Saint Petersburg,premium,1,1,0,7,133.27,932.89
orderid:859937,F8M-F9MH,orderid:859937,crmid:3101776,2020-02-10T15:23:31+00:00,call center,prd1045,1583452800,1584748800,2020-03-06T00:00:00+00:00,2020-03-21T00:00:00+00:00,Admiralty Plaza: Miami,Admiralty Plaza,Miami,standard,1,1,0,15,116.46,1746.9
orderid:621199,CN8-3WLS,orderid:621199,crmid:1315916,2020-02-09T03:59:27+00:00,call center,prd1016,1583280000,1584230400,2020-03-04T00:00:00+00:00,2020-03-15T00:00:00+00:00,Aspen Heights: Columbus,Aspen Heights,Columbus,premium,1,1,0,11,138.05,1518.55
orderid:741083,Y8I-H8FD,orderid:741083,crmid:7568183,2020-02-09T20:39:50+00:00,call center,prd1143,1581724800,1582243200,2020-02-15T00:00:00+00:00,2020-02-21T00:00:00+00:00,Hospitality Inn: San Antonio,Hospitality Inn,San Antonio,standard,1,1,0,6,132.09,792.54
orderid:768009,PDY-V4BT,orderid:768009,crmid:6874526,2020-02-09T22:30:08+00:00,call center,prd1011,1581552000,1582156800,2020-02-13T00:00:00+00:00,2020-02-20T00:00:00+00:00,Hospitality Inn: Dallas,Hospitality Inn,Dallas,premium,1,1,0,7,112.06,784.42
orderid:626839,KUJ-YDJV,orderid:626839,crmid:2117935,2020-02-10T06:45:40+00:00,call center,prd1011,1583193600,1584144000,2020-03-03T00:00:00+00:00,2020-03-14T00:00:00+00:00,Hospitality Inn: Dallas,Hospitality Inn,Dallas,standard,1,1,0,11,88.3,971.3
orderid:736853,LOM-H4W5,orderid:736853,crmid:6928545,2020-02-09T20:23:25+00:00,call center,prd1105,1583366400,1583625600,2020-03-05T00:00:00+00:00,2020-03-08T00:00:00+00:00,Admiralty Plaza: Barcelona,Admiralty Plaza,Barcelona,premium,1,1,0,3,133.4,400.2
orderid:456052,U4M-LHTC,orderid:456052,crmid:1622933,2020-02-11T12:59:42+00:00,call center,prd1134,1581552000,1581724800,2020-02-13T00:00:00+00:00,2020-02-15T00:00:00+00:00,Restful Nights: Montreal,Restful Nights,Montreal,premium,1,1,0,2,130.39,260.78
orderid:623596,ICB-JD0U,orderid:623596,crmid:5682300,2020-02-11T00:26:22+00:00,call center,prd1130,1583452800,1584057600,2020-03-06T00:00:00+00:00,2020-03-13T00:00:00+00:00,Blue Reef Resort: Bremen,Blue Reef Resort,Bremen,standard,1,1,0,7,124.53,871.71
orderid:712660,MOO-D75N,orderid:712660,crmid:8877551,2020-02-08T11:09:16+00:00,call center,prd1058,1581292800,1581552000,2020-02-10T00:00:00+00:00,2020-02-13T00:00:00+00:00,Blue Reef Resort: Delhi,Blue Reef Resort,Delhi,standard,1,1,0,3,156.68,470.04
orderid:216742,HKI-PV7X,orderid:216742,crmid:5462953,2020-02-10T12:04:08+00:00,call center,prd1119,1582588800,1583366400,2020-02-25T00:00:00+00:00,2020-03-05T00:00:00+00:00,Hospitality Inn: Turin,Hospitality Inn,Turin,premium,1,1,3,9,145.07,1305.63
orderid:445101,CMI-7MTA,orderid:445101,crmid:8876068,2020-02-10T00:54:35+00:00,call center,prd1142,1581379200,1581552000,2020-02-11T00:00:00+00:00,2020-02-13T00:00:00+00:00,Blue Reef Resort: Philadelphia,Blue Reef Resort,Philadelphia,standard,1,1,0,2,122.55,245.1
orderid:624820,HD6-GKKG,orderid:624820,crmid:7065824,2020-02-09T17:11:14+00:00,call center,prd1026,1581292800,1581379200,2020-02-10T00:00:00+00:00,2020-02-11T00:00:00+00:00,Restful Nights: Nashville,Restful Nights,Nashville,standard,1,1,0,1,142.76,142.76
orderid:337333,DDN-RVAG,orderid:337333,crmid:1441368,2020-02-10T10:00:54+00:00,call center,prd1121,1583712000,1585353600,2020-03-09T00:00:00+00:00,2020-03-28T00:00:00+00:00,Grandeur Hotels: Stockholm,Grandeur Hotels,Stockholm,premium,1,1,0,19,168.23,3196.37
