id,reservationid,orderid,crmid,timestamp,orderType,productsku,hotelCheckInUnix,hotelCheckOutUnix,hotelCheckInTS,hotelCheckOutTS,hotelName,hotelChain,hotelLocation,hotelRoomType,hotelRoomCount,hotelGuestAdultCount,hotelGuestChildCount,hotelNightCount,hotelRoomPrice,hotelFinalPrice
c2a57a4a-53c8-11ea-9af0-b88a60e194fb,IPT-QAXQ,orderid:246909,crmid:6284782,2020-02-10T05:22:27+00:00,call center,prd1088,1583625600,1584144000,2020-03-08T00:00:00+00:00,2020-03-14T00:00:00+00:00,Aspen Heights: Ankara,Aspen Heights,Ankara,standard,1,1,0,6,141.43,848.58
c2a6b578-53c8-11ea-a316-b88a60e194fb,EWQ-OIRY,orderid:238047,crmid:2370375,2020-02-11T16:06:19+00:00,call center,prd1010,1583366400,1584144000,2020-03-05T00:00:00+00:00,2020-03-14T00:00:00+00:00,Blue Reef Resort: San Diego,Blue Reef Resort,San Diego,standard,1,1,0,9,135.68,1221.12
c2a6b579-53c8-11ea-a639-b88a60e194fb,XGF-FCR8,orderid:978928,crmid:7658235,2020-02-09T12:52:57+00:00,call center,prd1057,1581465600,1581552000,2020-02-12T00:00:00+00:00,2020-02-13T00:00:00+00:00,Admiralty Plaza: Mumbai,Admiralty Plaza,Mumbai,ultra-luxury,1,1,0,1,289.98,289.98
c2a6dae8-53c8-11ea-a906-b88a60e194fb,1OX-EEK5,orderid:816113,crmid:4819216,2020-02-10T19:18:48+00:00,call center,prd1166,1583280000,1583971200,2020-03-04T00:00:00+00:00,2020-03-12T00:00:00+00:00,Blue Reef Resort: Baltimore,Blue Reef Resort,Baltimore,standard,1,1,0,8,135.24,1081.92
c2a6dae9-53c8-11ea-ac97-b88a60e194fb,PWU-5V8Y,orderid:307663,crmid:9502648,2020-02-09T22:43:10+00:00,call center,prd1160,1583452800,1585094400,2020-03-06T00:00:00+00:00,2020-03-25T00:00:00+00:00,Aspen Heights: Nashville,Aspen Heights,Nashville,premium,1,1,4,19,116.38,2211.22
c2a700f4-53c8-11ea-9a94-b88a60e194fb,O7I-GSQD,orderid:507630,crmid:7882873,2020-02-09T12:48:22+00:00,call center,prd1117,1583712000,1585353600,2020-03-09T00:00:00+00:00,2020-03-28T00:00:00+00:00,Admiralty Plaza: Dublin,Admiralty Plaza,Dublin,standard,1,1,0,19,156.87,2980.53
c2a700f5-53c8-11ea-8acd-b88a60e194fb,EAA-HBO4,orderid:202491,crmid:8434960,2020-02-10T10:32:09+00:00,call center,prd1173,1582416000,1582848000,2020-02-23T00:00:00+00:00,2020-02-28T00:00:00+00:00,Sapphire Suites: Kansas City,Sapphire Suites,Kansas City,standard,1,1,2,5,144.04,720.2
c2a72806-53c8-11ea-9236-b88a60e194fb,GPQ-JPGU,orderid:329342,crmid:1702059,2020-02-11T23:57:11+00:00,call center,prd1097,1581465600,1581552000,2020-02-12T00:00:00+00:00,2020-02-13T00:00:00+00:00,Grandeur Hotels: Buenos Aires,Grandeur Hotels,Buenos Aires,standard,1,1,0,1,137.89,137.89
c2a72807-53c8-11ea-b058-b88a60e194fb,Q4X-RGLW,orderid:460289,crmid:3149243,2020-02-10T22:33:33+00:00,call center,prd1116,1583020800,1584576000,2020-03-01T00:00:00+00:00,2020-03-19T00:00:00+00:00,Repose Resort: Naples,Repose Resort,Naples,standard,1,1,0,18,180.58,3250.44
c2a74f12-53c8-11ea-a9fb-b88a60e194fb,K5R-3A9W,orderid:893170,crmid:7200280,2020-02-08T16:28:15+00:00,call center,prd1161,1581206400,1581292800,2020-02-09T00:00:00+00:00,2020-02-10T00:00:00+00:00,Sapphire Suites: Memphis,Sapphire Suites,Memphis,premium,1,1,0,1,143.73,143.73
c2a74f13-53c8-11ea-bcaa-b88a60e194fb,OSG-UXLW,orderid:856358,crmid:9439781,2020-02-11T04:09:39+00:00,call center,prd1052,1582934400,1583712000,2020-02-29T00:00:00+00:00,2020-03-09T00:00:00+00:00,Aspen Heights: Wichita,Aspen Heights,Wichita,standard,1,1,0,9,118.93,1070.37
c2a74f14-53c8-11ea-82fd-b88a60e194fb,VIS-URPM,orderid:527274,crmid:5258451,2020-02-08T23:19:51+00:00,call center,prd1034,1581206400,1581292800,2020-02-09T00:00:00+00:00,2020-02-10T00:00:00+00:00,Blue Reef Resort: Albuquerque,Blue Reef Resort,Albuquerque,standard,1,1,0,1,105.38,105.38
c2a77624-53c8-11ea-8fcd-b88a60e194fb,4YX-U3VW,orderid:334009,crmid:4369518,2020-02-10T17:40:09+00:00,call center,prd1105,1581811200,1582588800,2020-02-16T00:00:00+00:00,2020-02-25T00:00:00+00:00,Admiralty Plaza: Barcelona,Admiralty Plaza,Barcelona,luxury,1,1,0,9,244.53,2200.77
c2a77625-53c8-11ea-b98d-b88a60e194fb,XMA-OWFB,orderid:944660,crmid:7242663,2020-02-09T10:03:13+00:00,call center,prd1166,1582416000,1583020800,2020-02-23T00:00:00+00:00,2020-03-01T00:00:00+00:00,Blue Reef Resort: Baltimore,Blue Reef Resort,Baltimore,standard,1,1,1,7,122.66,858.62
c2a79d36-53c8-11ea-b332-b88a60e194fb,DBY-QU5D,orderid:527158,crmid:9356090,2020-02-10T17:45:47+00:00,call center,prd1028,1582070400,1582588800,2020-02-19T00:00:00+00:00,2020-02-25T00:00:00+00:00,Aspen Heights: Portland,Aspen Heights,Portland,premium,1,1,0,6,161.93,971.58
c2a7c4c6-53c8-11ea-afc0-b88a60e194fb,LGP-NNR0,orderid:740198,crmid:5645298,2020-02-10T10:04:33+00:00,call center,prd1093,1583020800,1584057600,2020-03-01T00:00:00+00:00,2020-03-13T00:00:00+00:00,Admiralty Plaza: Yokohama,Admiralty Plaza,Yokohama,luxury,1,1,0,12,295.72,3548.64
c2a7c4c7-53c8-11ea-a511-b88a60e194fb,UI5-APGJ,orderid:791474,crmid:5019332,2020-02-09T09:35:34+00:00,call center,prd1112,1583107200,1583366400,2020-03-02T00:00:00+00:00,2020-03-05T00:00:00+00:00,Aspen Heights: Birmingham,Aspen Heights,Birmingham,presidential-suite,1,1,4,3,824.2,2472.6
c2a7eb52-53c8-11ea-8265-b88a60e194fb,6YP-R742,orderid:471508,crmid:9038822,2020-02-09T11:20:26+00:00,call center,prd1010,1581552000,1581724800,2020-02-13T00:00:00+00:00,2020-02-15T00:00:00+00:00,Blue Reef Resort: San Diego,Blue Reef Resort,San Diego,standard,1,1,0,2,130.42,260.84
c2a7eb53-53c8-11ea-bd11-b88a60e194fb,KYK-RTAU,orderid:631429,crmid:9645474,2020-02-09T03:32:37+00:00,call center,prd1105,1583020800,1583452800,2020-03-01T00:00:00+00:00,2020-03-06T00:00:00+00:00,Admiralty Plaza: Barcelona,Admiralty Plaza,Barcelona,standard,1,1,0,5,142.38,711.9
c2a7eb54-53c8-11ea-864a-b88a60e194fb,KNI-VP36,orderid:444969,crmid:9620690,2020-02-09T20:16:04+00:00,call center,prd1007,1582675200,1583193600,2020-02-26T00:00:00+00:00,2020-03-03T00:00:00+00:00,Nesting Box Inn: Phoenix,Nesting Box Inn,Phoenix,standard,1,1,0,6,110.19,661.14
c2a81264-53c8-11ea-8241-b88a60e194fb,YWP-G9YD,orderid:570123,crmid:1491427,2020-02-11T15:34:03+00:00,call center,prd1187,1582675200,1584057600,2020-02-26T00:00:00+00:00,2020-03-13T00:00:00+00:00,Nesting Box Inn: Cleveland,Nesting Box Inn,Cleveland,standard,1,1,2,16,152.32,2437.12
c2a81265-53c8-11ea-8db9-b88a60e194fb,SLC-NSK0,orderid:882401,crmid:1770800,2020-02-09T19:54:49+00:00,call center,prd1022,1581724800,1581897600,2020-02-15T00:00:00+00:00,2020-02-17T00:00:00+00:00,Blue Reef Resort: Washington DC,Blue Reef Resort,Washington DC,standard,1,1,0,2,141.66,283.32
c2a83974-53c8-11ea-b985-b88a60e194fb,PGW-FDX6,orderid:746086,crmid:8778229,2020-02-10T17:05:22+00:00,call center,prd1035,1581465600,1581552000,2020-02-12T00:00:00+00:00,2020-02-13T00:00:00+00:00,Hospitality Inn: Tucson,Hospitality Inn,Tucson,standard,1,1,0,1,126.31,126.31
c2a83975-53c8-11ea-87d1-b88a60e194fb,YWM-F4SJ,orderid:116948,crmid:1228897,2020-02-09T13:27:58+00:00,call center,prd1081,1581292800,1581465600,2020-02-10T00:00:00+00:00,2020-02-12T00:00:00+00:00,Admiralty Plaza: Rod de Janeiro,Admiralty Plaza,Rod de Janeiro,standard,1,1,0,2,119.97,239.94
c2a86086-53c8-11ea-82fb-b88a60e194fb,NTP-HHQQ,orderid:617003,crmid:1393929,2020-02-11T14:57:59+00:00,call center,prd1088,1582934400,1583107200,2020-02-29T00:00:00+00:00,2020-03-02T00:00:00+00:00,Aspen Heights: Ankara,Aspen Heights,Ankara,standard,1,1,0,2,157.45,314.9
c2a86087-53c8-11ea-90e7-b88a60e194fb,S2H-QARD,orderid:374909,crmid:9821092,2020-02-11T01:53:54+00:00,call center,prd1095,1582934400,1583193600,2020-02-29T00:00:00+00:00,2020-03-03T00:00:00+00:00,Hospitality Inn: Casablanca,Hospitality Inn,Casablanca,premium,1,1,0,3,130.07,390.21
c2a88794-53c8-11ea-99aa-b88a60e194fb,OSD-OUMT,orderid:510314,crmid:8888507,2020-02-09T18:43:23+00:00,call center,prd1172,1583280000,1584057600,2020-03-04T00:00:00+00:00,2020-03-13T00:00:00+00:00,Aspen Heights: Mesa,Aspen Heights,Mesa,standard,1,1,0,9,156.07,1404.63
c2a88795-53c8-11ea-8d9b-b88a60e194fb,WEH-K7IC,orderid:988830,crmid:5552185,2020-02-08T10:48:56+00:00,call center,prd1148,1583712000,1583971200,2020-03-09T00:00:00+00:00,2020-03-12T00:00:00+00:00,Aspen Heights: Jacksonville,Aspen Heights,Jacksonville,standard,1,1,4,3,185.62,556.86
c2a8aea4-53c8-11ea-9713-b88a60e194fb,K5L-RIAH,orderid:872988,crmid:8269605,2020-02-11T01:32:23+00:00,call center,prd1146,1583452800,1583884800,2020-03-06T00:00:00+00:00,2020-03-11T00:00:00+00:00,Restful Nights: San Jose,Restful Nights,San Jose,luxury,1,1,1,5,229.72,1148.6
c2a8aea5-53c8-11ea-8d01-b88a60e194fb,YFF-OQCE,orderid:823850,crmid:8551694,2020-02-10T19:50:48+00:00,call center,prd1011,1581379200,1581638400,2020-02-11T00:00:00+00:00,2020-02-14T00:00:00+00:00,Hospitality Inn: Dallas,Hospitality Inn,Dallas,standard,1,1,0,3,173.35,520.05
c2a8d5c0-53c8-11ea-b440-b88a60e194fb,S7C-QFBH,orderid:789572,crmid:7865199,2020-02-10T18:02:04+00:00,call center,prd1190,1583193600,1583884800,2020-03-03T00:00:00+00:00,2020-03-11T00:00:00+00:00,Blue Reef Resort: Aurora,Blue Reef Resort,Aurora,standard,1,1,0,8,129.84,1038.72
c2a8d5c1-53c8-11ea-80db-b88a60e194fb,3TJ-AOWZ,orderid:243843,crmid:4698933,2020-02-11T21:26:16+00:00,call center,prd1178,1581724800,1581984000,2020-02-15T00:00:00+00:00,2020-02-18T00:00:00+00:00,Blue Reef Resort: Colorado Springs,Blue Reef Resort,Colorado Springs,standard,1,1,0,3,136.51,409.53
c2a8fcc6-53c8-11ea-9ca6-b88a60e194fb,KS6-CV3N,orderid:246948,crmid:8770519,2020-02-11T14:50:16+00:00,call center,prd1095,1583539200,1584748800,2020-03-07T00:00:00+00:00,2020-03-21T00:00:00+00:00,Hospitality Inn: Casablanca,Hospitality Inn,Casablanca,luxury,1,1,0,14,309.7,4335.8
c2a92494-53c8-11ea-92e7-b88a60e194fb,C0U-WZVL,orderid:677120,crmid:9366851,2020-02-08T08:15:39+00:00,call center,prd1153,1583712000,1584144000,2020-03-09T00:00:00+00:00,2020-03-14T00:00:00+00:00,Admiralty Plaza: Charlotte,Admiralty Plaza,Charlotte,premium,1,1,0,5,158.49,792.45
c2a92495-53c8-11ea-9c8b-b88a60e194fb,1AB-ESAZ,orderid:595208,crmid:7214682,2020-02-11T15:41:09+00:00,call center,prd1032,1581552000,1581638400,2020-02-13T00:00:00+00:00,2020-02-14T00:00:00+00:00,Repose Resort: Baltimore,Repose Resort,Baltimore,standard,1,1,0,1,82.58,82.58
c2a94ae4-53c8-11ea-827d-b88a60e194fb,XHY-PJNG,orderid:884622,crmid:3774128,2020-02-11T03:04:44+00:00,call center,prd1045,1583798400,1584403200,2020-03-10T00:00:00+00:00,2020-03-17T00:00:00+00:00,Admiralty Plaza: Miami,Admiralty Plaza,Miami,standard,1,1,0,7,168.22,1177.54
c2a94ae5-53c8-11ea-b2dd-b88a60e194fb,XL6-EPLK,orderid:406916,crmid:5005543,2020-02-10T18:52:26+00:00,call center,prd1045,1583539200,1583712000,2020-03-07T00:00:00+00:00,2020-03-09T00:00:00+00:00,Admiralty Plaza: Miami,Admiralty Plaza,Miami,standard,1,1,0,2,135.72,271.44
c2a971f4-53c8-11ea-84f0-b88a60e194fb,NOE-TYGP,orderid:789878,crmid:9725605,2020-02-09T00:34:53+00:00,call center,prd1010,1581379200,1581638400,2020-02-11T00:00:00+00:00,2020-02-14T00:00:00+00:00,Blue Reef Resort: San Diego,Blue Reef Resort,San Diego,standard,1,1,0,3,131.51,394.53
c2a971f5-53c8-11ea-95ef-b88a60e194fb,RGW-BQPH,orderid:968085,crmid:2890937,2020-02-11T03:23:40+00:00,call center,prd1020,1583366400,1584057600,2020-03-05T00:00:00+00:00,2020-03-13T00:00:00+00:00,Repose Resort: Seattle,Repose Resort,Seattle,standard,1,1,4,8,128.55,1028.4
c2a99906-53c8-11ea-9461-b88a60e194fb,NDJ-WI2X,orderid:359681,crmid:3216063,2020-02-09T22:42:47+00:00,call center,prd1034,1581984000,1582675200,2020-02-18T00:00:00+00:00,2020-02-26T00:00:00+00:00,Blue Reef Resort: Albuquerque,Blue Reef Resort,Albuquerque,standard,1,1,0,8,114.58,916.64
c2a99907-53c8-11ea-a373-b88a60e194fb,UVV-W7Q8,orderid:399867,crmid:9118911,2020-02-09T10:33:55+00:00,call center,prd1027,1583452800,1584316800,2020-03-06T00:00:00+00:00,2020-03-16T00:00:00+00:00,Family Fun Hotels: Memphis,Family Fun Hotels,Memphis,standard,1,1,2,10,114.76,1147.6
c2a9c082-53c8-11ea-bf2e-b88a60e194fb,GS1-SG6P,orderid:939862,crmid:8514478,2020-02-09T02:38:56+00:00,call center,prd1189,1581292800,1581379200,2020-02-10T00:00:00+00:00,2020-02-11T00:00:00+00:00,Admiralty Plaza: Bakersfield,Admiralty Plaza,Bakersfield,standard,1,1,0,1,121.24,121.24
c2a9e72c-53c8-11ea-899e-b88a60e194fb,7JV-YY1N,orderid:530137,crmid:4196052,2020-02-11T02:05:00+00:00,call center,prd1003,1582934400,1583193600,2020-02-29T00:00:00+00:00,2020-03-03T00:00:00+00:00,Family Fun Hotels: Houston,Family Fun Hotels,Houston,premium,1,1,0,3,146.96,440.88
c2a9e72d-53c8-11ea-81ea-b88a60e194fb,AWI-FASS,orderid:463332,crmid:7329646,2020-02-11T16:41:50+00:00,call center,prd1056,1582070400,1583193600,2020-02-19T00:00:00+00:00,2020-03-03T00:00:00+00:00,Repose Resort: Aurora,Repose Resort,Aurora,standard,1,1,0,13,133.24,1732.12
c2aa0e62-53c8-11ea-99dd-b88a60e194fb,XFQ-L4MM,orderid:379989,crmid:6564421,2020-02-09T04:29:42+00:00,call center,prd1042,1581638400,1582243200,2020-02-14T00:00:00+00:00,2020-02-21T00:00:00+00:00,Sego Lily Suites: Omaha,Sego Lily Suites,Omaha,premium,1,1,4,7,151.79,1062.53
c2aa3542-53c8-11ea-aef3-b88a60e194fb,KCX-PRKE,orderid:605488,crmid:8357015,2020-02-10T18:33:14+00:00,call center,prd1031,1583107200,1584144000,2020-03-02T00:00:00+00:00,2020-03-14T00:00:00+00:00,Nesting Box Inn: Louisville,Nesting Box Inn,Louisville,standard,1,1,3,12,157.6,1891.2
c2aa5c5c-53c8-11ea-aebe-b88a60e194fb,KE9-JMJR,orderid:523996,crmid:3365243,2020-02-10T02:46:21+00:00,call center,prd1196,1581379200,1581465600,2020-02-11T00:00:00+00:00,2020-02-12T00:00:00+00:00,Aspen Heights: Moscow,Aspen Heights,Moscow,standard,1,1,0,1,141.87,141.87
c2aa8358-53c8-11ea-a6bf-b88a60e194fb,1Z4-IVL6,orderid:247132,crmid:8327135,2020-02-10T11:49:06+00:00,call center,prd1182,1581811200,1582070400,2020-02-16T00:00:00+00:00,2020-02-19T00:00:00+00:00,Restful Nights: Minneapolis,Restful Nights,Minneapolis,standard,1,1,0,3,130.4,391.2
c2aa8359-53c8-11ea-8888-b88a60e194fb,QN9-OAQA,orderid:565179,crmid:8971355,2020-02-11T10:39:53+00:00,call center,prd1086,1582156800,1582761600,2020-02-20T00:00:00+00:00,2020-02-27T00:00:00+00:00,Restful Nights: Johannesburg,Restful Nights,Johannesburg,premium,1,1,0,7,128.9,902.3
c2aa835a-53c8-11ea-830f-b88a60e194fb,2WN-ZKBB,orderid:570398,crmid:2266547,2020-02-08T12:04:37+00:00,call center,prd1045,1581206400,1581638400,2020-02-09T00:00:00+00:00,2020-02-14T00:00:00+00:00,Admiralty Plaza: Miami,Admiralty Plaza,Miami,standard,1,1,0,5,133.31,666.55
c2aaaa66-53c8-11ea-8181-b88a60e194fb,HQH-VHJW,orderid:942461,crmid:5654172,2020-02-10T12:28:07+00:00,call center,prd1195,1583366400,1583971200,2020-03-05T00:00:00+00:00,2020-03-12T00:00:00+00:00,Family Fun Hotels: Lahore,Family Fun Hotels,Lahore,standard,1,1,1,7,137.22,960.54
c2aad180-53c8-11ea-9a2c-b88a60e194fb,9GL-LR2K,orderid:313591,crmid:7565100,2020-02-09T01:25:20+00:00,call center,prd1073,1581552000,1581811200,2020-02-13T00:00:00+00:00,2020-02-16T00:00:00+00:00,Grandeur Hotels: Lima,Grandeur Hotels,Lima,standard,1,1,0,3,106.92,320.76
c2aad181-53c8-11ea-9767-b88a60e194fb,YAI-VPYI,orderid:939683,crmid:7542129,2020-02-10T17:29:52+00:00,call center,prd1196,1581724800,1581897600,2020-02-15T00:00:00+00:00,2020-02-17T00:00:00+00:00,Aspen Heights: Moscow,Aspen Heights,Moscow,standard,1,1,0,2,120.34,240.68
c2aad182-53c8-11ea-be8a-b88a60e194fb,SA2-IPXZ,orderid:379409,crmid:8705728,2020-02-11T22:51:35+00:00,call center,prd1103,1583539200,1583971200,2020-03-07T00:00:00+00:00,2020-03-12T00:00:00+00:00,Nesting Box Inn: Hamburg,Nesting Box Inn,Hamburg,standard,1,1,0,5,117.94,589.7
c2aaf886-53c8-11ea-918c-b88a60e194fb,6YX-QQF4,orderid:445471,crmid:2026559,2020-02-10T11:29:09+00:00,call center,prd1051,1583020800,1583280000,2020-03-01T00:00:00+00:00,2020-03-04T00:00:00+00:00,Family Fun Hotels: New Orleans,Family Fun Hotels,New Orleans,premium,1,1,0,3,121.77,365.31
c2aaf887-53c8-11ea-9ba7-b88a60e194fb,OB6-YFC7,orderid:418000,crmid:8301247,2020-02-11T16:16:00+00:00,call center,prd1059,1583280000,1583625600,2020-03-04T00:00:00+00:00,2020-03-08T00:00:00+00:00,Hospitality Inn: Kinshasa,Hospitality Inn,Kinshasa,standard,1,1,0,4,143.56,574.24
c2ab1f94-53c8-11ea-a2d6-b88a60e194fb,RNW-KOHL,orderid:484661,crmid:2693741,2020-02-10T13:24:30+00:00,call center,prd1166,1581379200,1581552000,2020-02-11T00:00:00+00:00,2020-02-13T00:00:00+00:00,Blue Reef Resort: Baltimore,Blue Reef Resort,Baltimore,premium,1,1,0,2,153.29,306.58
c2ab1f95-53c8-11ea-9d56-b88a60e194fb,PBE-DPTO,orderid:436316,crmid:2377145,2020-02-09T15:43:16+00:00,call center,prd1190,1583712000,1584576000,2020-03-09T00:00:00+00:00,2020-03-19T00:00:00+00:00,Blue Reef Resort: Aurora,Blue Reef Resort,Aurora,luxury,1,1,0,10,399.8,3998.0
c2ab1f96-53c8-11ea-be3a-b88a60e194fb,JFV-Y6W9,orderid:842470,crmid:1550577,2020-02-08T17:40:26+00:00,call center,prd1058,1583193600,1584835200,2020-03-03T00:00:00+00:00,2020-03-22T00:00:00+00:00,Blue Reef Resort: Delhi,Blue Reef Resort,Delhi,standard,1,1,0,19,126.93,2411.67
c2ab46a4-53c8-11ea-b5f3-b88a60e194fb,IVF-DRXT,orderid:952483,crmid:9226472,2020-02-11T15:34:14+00:00,call center,prd1053,1581465600,1581724800,2020-02-12T00:00:00+00:00,2020-02-15T00:00:00+00:00,Sapphire Suites: Cleveland,Sapphire Suites,Cleveland,premium,1,1,0,3,159.69,479.07
c2ab46a5-53c8-11ea-b29b-b88a60e194fb,8LH-3NBM,orderid:315003,crmid:6784688,2020-02-09T00:19:20+00:00,call center,prd1170,1583193600,1584316800,2020-03-03T00:00:00+00:00,2020-03-16T00:00:00+00:00,Restful Nights: Fresno,Restful Nights,Fresno,premium,1,1,0,13,137.8,1791.4
c2ab6db6-53c8-11ea-a696-b88a60e194fb,EOH-UBLM,orderid:264638,crmid:6572690,2020-02-11T14:16:45+00:00,call center,prd1029,1581465600,1581638400,2020-02-12T00:00:00+00:00,2020-02-14T00:00:00+00:00,Sapphire Suites: Oklahoma City,Sapphire Suites,Oklahoma City,standard,1,1,0,2,154.42,308.84
c2ab6db7-53c8-11ea-885c-b88a60e194fb,UFX-ZJJN,orderid:772219,crmid:8887021,2020-02-10T15:56:24+00:00,call center,prd1037,1582934400,1583452800,2020-02-29T00:00:00+00:00,2020-03-06T00:00:00+00:00,Grandeur Hotels: Sacramento,Grandeur Hotels,Sacramento,standard,1,1,2,6,84.64,507.84
c2ab6db8-53c8-11ea-be91-b88a60e194fb,F6J-56MG,orderid:143289,crmid:7793587,2020-02-10T03:22:50+00:00,call center,prd1166,1583193600,1583712000,2020-03-03T00:00:00+00:00,2020-03-09T00:00:00+00:00,Blue Reef Resort: Baltimore,Blue Reef Resort,Baltimore,standard,1,1,0,6,137.11,822.66
c2ab94c2-53c8-11ea-a8c8-b88a60e194fb,QOL-FV75,orderid:142700,crmid:9182986,2020-02-08T22:07:55+00:00,call center,prd1034,1582934400,1583452800,2020-02-29T00:00:00+00:00,2020-03-06T00:00:00+00:00,Blue Reef Resort: Albuquerque,Blue Reef Resort,Albuquerque,standard,1,1,0,6,135.3,811.8
c2ab94c3-53c8-11ea-be8c-b88a60e194fb,PYC-WAVM,orderid:435024,crmid:2873544,2020-02-11T02:55:53+00:00,call center,prd1035,1581811200,1582502400,2020-02-16T00:00:00+00:00,2020-02-24T00:00:00+00:00,Hospitality Inn: Tucson,Hospitality Inn,Tucson,standard,1,1,2,8,85.42,683.36
c2abbbd2-53c8-11ea-a6bb-b88a60e194fb,3RM-HRRV,orderid:716246,crmid:6776628,2020-02-10T21:43:07+00:00,call center,prd1118,1581379200,1581465600,2020-02-11T00:00:00+00:00,2020-02-12T00:00:00+00:00,Blue Reef Resort: Cologne,Blue Reef Resort,Cologne,premium,1,1,0,1,90.53,90.53
c2abbbd3-53c8-11ea-b815-b88a60e194fb,AVJ-NLOB,orderid:432354,crmid:9554089,2020-02-10T18:10:46+00:00,call center,prd1100,1581379200,1581811200,2020-02-11T00:00:00+00:00,2020-02-16T00:00:00+00:00,Aspen Heights: Misk,Aspen Heights,Misk,luxury,1,1,0,5,339.07,1695.35
c2abbbd4-53c8-11ea-a16e-b88a60e194fb,SJF-OHQP,orderid:929129,crmid:4581459,2020-02-08T14:32:16+00:00,call center,prd1153,1582761600,1583452800,2020-02-27T00:00:00+00:00,2020-03-06T00:00:00+00:00,Admiralty Plaza: Charlotte,Admiralty Plaza,Charlotte,premium,1,1,0,8,140.04,1120.32
c2abe2e2-53c8-11ea-bc52-b88a60e194fb,EDL-DSLC,orderid:216560,crmid:3271611,2020-02-11T08:31:50+00:00,call center,prd1050,1581984000,1583625600,2020-02-18T00:00:00+00:00,2020-03-08T00:00:00+00:00,Restful Nights: Arlington,Restful Nights,Arlington,standard,1,1,0,19,158.07,3003.33
c2abe2e3-53c8-11ea-a6df-b88a60e194fb,KUO-RNOU,orderid:286048,crmid:8989561,2020-02-11T17:36:39+00:00,call center,prd1009,1583452800,1583884800,2020-03-06T00:00:00+00:00,2020-03-11T00:00:00+00:00,Admiralty Plaza: San Antonio,Admiralty Plaza,San Antonio,standard,1,1,0,5,157.68,788.4
c2ac09f4-53c8-11ea-977f-b88a60e194fb,2UM-CATE,orderid:328287,crmid:3414545,2020-02-09T16:18:56+00:00,call center,prd1111,1583539200,1584576000,2020-03-07T00:00:00+00:00,2020-03-19T00:00:00+00:00,Family Fun Hotels: Prague,Family Fun Hotels,Prague,premium,1,1,0,12,119.46,1433.52
c2ac09f5-53c8-11ea-96a6-b88a60e194fb,EBN-NGOB,orderid:158479,crmid:8246623,2020-02-09T17:20:02+00:00,call center,prd1181,1583280000,1583366400,2020-03-04T00:00:00+00:00,2020-03-05T00:00:00+00:00,Grandeur Hotels: Oakland,Grandeur Hotels,Oakland,standard,1,1,0,1,112.42,112.42
c2ac3100-53c8-11ea-aca4-b88a60e194fb,O0N-W4P2,orderid:620974,crmid:3434935,2020-02-11T17:17:10+00:00,call center,prd1053,1583107200,1584316800,2020-03-02T00:00:00+00:00,2020-03-16T00:00:00+00:00,Sapphire Suites: Cleveland,Sapphire Suites,Cleveland,standard,1,1,0,14,150.9,2112.6
c2ac3101-53c8-11ea-a43a-b88a60e194fb,JLT-JR8A,orderid:217251,crmid:7032450,2020-02-11T04:31:02+00:00,call center,prd1040,1581552000,1581897600,2020-02-13T00:00:00+00:00,2020-02-17T00:00:00+00:00,Aspen Heights: Atlanta,Aspen Heights,Atlanta,standard,1,1,0,4,95.1,380.4
c2ac3102-53c8-11ea-9af6-b88a60e194fb,Z7V-ZDQR,orderid:697325,crmid:4187076,2020-02-08T15:40:31+00:00,call center,prd1137,1581206400,1581379200,2020-02-09T00:00:00+00:00,2020-02-11T00:00:00+00:00,Sapphire Suites: Manila,Sapphire Suites,Manila,standard,1,1,0,2,108.43,216.86
c2ac5810-53c8-11ea-bb98-b88a60e194fb,BM6-7SBM,orderid:990920,crmid:8791523,2020-02-11T20:40:43+00:00,call center,prd1049,1583366400,1583712000,2020-03-05T00:00:00+00:00,2020-03-09T00:00:00+00:00,Grandeur Hotels: Tulsa,Grandeur Hotels,Tulsa,standard,1,1,0,4,143.64,574.56
c2ac5811-53c8-11ea-ac95-b88a60e194fb,LZ3-PQTD,orderid:361762,crmid:3201659,2020-02-11T18:22:03+00:00,call center,prd1129,1583193600,1584576000,2020-03-03T00:00:00+00:00,2020-03-19T00:00:00+00:00,Admiralty Plaza: Helsinki,Admiralty Plaza,Helsinki,premium,1,1,0,16,163.43,2614.88
c2ac5812-53c8-11ea-8b30-b88a60e194fb,ZGW-VHWL,orderid:393195,crmid:2197553,2020-02-09T11:31:58+00:00,call center,prd1093,1581724800,1581811200,2020-02-15T00:00:00+00:00,2020-02-16T00:00:00+00:00,Admiralty Plaza: Yokohama,Admiralty Plaza,Yokohama,standard,1,1,0,1,188.32,188.32
c2ac7f28-53c8-11ea-8930-b88a60e194fb,6EO-CNAG,orderid:568668,crmid:2895207,2020-02-09T07:32:45+00:00,call center,prd1094,1583452800,1583884800,2020-03-06T00:00:00+00:00,2020-03-11T00:00:00+00:00,Blue Reef Resort: Berlin,Blue Reef Resort,Berlin,luxury,1,1,0,5,357.39,1786.95
c2ac7f29-53c8-11ea-9b4b-b88a60e194fb,YHE-JA9I,orderid:231486,crmid:6628759,2020-02-11T01:25:53+00:00,call center,prd1037,1583366400,1584230400,2020-03-05T00:00:00+00:00,2020-03-15T00:00:00+00:00,Grandeur Hotels: Sacramento,Grandeur Hotels,Sacramento,standard,1,1,0,10,129.77,1297.7
c2aca630-53c8-11ea-a731-b88a60e194fb,HBC-ACLB,orderid:190037,crmid:7064716,2020-02-08T21:30:31+00:00,call center,prd1112,1582934400,1583193600,2020-02-29T00:00:00+00:00,2020-03-03T00:00:00+00:00,Aspen Heights: Birmingham,Aspen Heights,Birmingham,premium,1,1,0,3,152.15,456.45
c2aca631-53c8-11ea-9273-b88a60e194fb,AWS-1B3O,orderid:448908,crmid:7261470,2020-02-10T19:41:58+00:00,call center,prd1165,1581379200,1581811200,2020-02-11T00:00:00+00:00,2020-02-16T00:00:00+00:00,Admiralty Plaza: Louisville,Admiralty Plaza,Louisville,standard,1,1,0,5,128.39,641.95
c2aca632-53c8-11ea-b405-b88a60e194fb,U1W-CWLS,orderid:812137,crmid:9017768,2020-02-09T11:23:45+00:00,call center,prd1173,1582848000,1583971200,2020-02-28T00:00:00+00:00,2020-03-12T00:00:00+00:00,Sapphire Suites: Kansas City,Sapphire Suites,Kansas City,standard,1,1,0,13,148.69,1932.97
c2accd3e-53c8-11ea-a8c4-b88a60e194fb,KJZ-ASVZ,orderid:617401,crmid:8022449,2020-02-09T00:56:06+00:00,call center,prd1026,1583712000,1584144000,2020-03-09T00:00:00+00:00,2020-03-14T00:00:00+00:00,Restful Nights: Nashville,Restful Nights,Nashville,premium,1,1,0,5,142.53,712.65
c2accd3f-53c8-11ea-abe1-b88a60e194fb,YOT-EYMI,orderid:103618,crmid:4159774,2020-02-09T20:26:04+00:00,call center,prd1022,1582070400,1582502400,2020-02-19T00:00:00+00:00,2020-02-24T00:00:00+00:00,Blue Reef Resort: Washington DC,Blue Reef Resort,Washington DC,premium,1,1,0,5,144.93,724.65
c2acf452-53c8-11ea-abe6-b88a60e194fb,W0J-NK5W,orderid:966577,crmid:6471734,2020-02-11T18:26:13+00:00,call center,prd1071,1581465600,1581638400,2020-02-12T00:00:00+00:00,2020-02-14T00:00:00+00:00,Hospitality Inn: Seoul,Hospitality Inn,Seoul,standard,1,1,0,2,133.16,266.32
c2acf453-53c8-11ea-86c1-b88a60e194fb,BW4-F1EA,orderid:427203,crmid:9105035,2020-02-10T01:29:56+00:00,call center,prd1101,1582156800,1582761600,2020-02-20T00:00:00+00:00,2020-02-27T00:00:00+00:00,Sapphire Suites: Vienna,Sapphire Suites,Vienna,standard,1,1,0,7,145.23,1016.61
c2acf454-53c8-11ea-84f8-b88a60e194fb,MQT-GY8M,orderid:867811,crmid:7970208,2020-02-11T14:49:18+00:00,call center,prd1124,1581897600,1582156800,2020-02-17T00:00:00+00:00,2020-02-20T00:00:00+00:00,Aspen Heights: Leeds,Aspen Heights,Leeds,premium,1,1,0,3,146.06,438.18
c2ad1b5e-53c8-11ea-ad84-b88a60e194fb,8FX-DPV5,orderid:539397,crmid:8741509,2020-02-10T07:23:18+00:00,call center,prd1088,1582848000,1583280000,2020-02-28T00:00:00+00:00,2020-03-04T00:00:00+00:00,Aspen Heights: Ankara,Aspen Heights,Ankara,standard,1,1,0,5,136.05,680.25
c2ad1b5f-53c8-11ea-8378-b88a60e194fb,JPV-RCH4,orderid:123389,crmid:8319317,2020-02-09T15:56:00+00:00,call center,prd1189,1582761600,1582934400,2020-02-27T00:00:00+00:00,2020-02-29T00:00:00+00:00,Admiralty Plaza: Bakersfield,Admiralty Plaza,Bakersfield,ultra-luxury,1,1,0,2,397.33,794.66
c2ad4276-53c8-11ea-b6b2-b88a60e194fb,F3Y-SJOS,orderid:954262,crmid:8398210,2020-02-10T15:18:13+00:00,call center,prd1149,1583193600,1583366400,2020-03-03T00:00:00+00:00,2020-03-05T00:00:00+00:00,Sapphire Suites: San Francisco,Sapphire Suites,San Francisco,premium,1,1,2,2,138.09,276.18
c2ad4277-53c8-11ea-8c5f-b88a60e194fb,QKO-ZVPD,orderid:659656,crmid:3301439,2020-02-08T18:45:56+00:00,call center,prd1092,1583193600,1583539200,2020-03-03T00:00:00+00:00,2020-03-07T00:00:00+00:00,Repose Resort: Cape Town,Repose Resort,Cape Town,standard,1,1,0,4,124.24,496.96
c2ad6986-53c8-11ea-ac5a-b88a60e194fb,KIY-LFYE,orderid:920621,crmid:5711122,2020-02-10T22:41:42+00:00,call center,prd1007,1583280000,1583625600,2020-03-04T00:00:00+00:00,2020-03-08T00:00:00+00:00,Nesting Box Inn: Phoenix,Nesting Box Inn,Phoenix,standard,1,1,4,4,107.81,431.24
c2ad6987-53c8-11ea-9aa9-b88a60e194fb,WGQ-UA6D,orderid:626721,crmid:2622322,2020-02-09T20:38:10+00:00,call center,prd1179,1581897600,1582934400,2020-02-17T00:00:00+00:00,2020-02-29T00:00:00+00:00,Hospitality Inn: Miami,Hospitality Inn,Miami,standard,1,1,0,12,146.5,1758.0
c2ad9094-53c8-11ea-89bc-b88a60e194fb,N90-KTIW,orderid:427508,crmid:6314366,2020-02-09T18:59:29+00:00,call center,prd1112,1582156800,1582502400,2020-02-20T00:00:00+00:00,2020-02-24T00:00:00+00:00,Aspen Heights: Birmingham,Aspen Heights,Birmingham,standard,1,1,2,4,168.83,675.32
c2ad9095-53c8-11ea-96ae-b88a60e194fb,O2S-MQGL,orderid:132762,crmid:5535309,2020-02-10T00:01:03+00:00,call center,prd1082,1581465600,1581552000,2020-02-12T00:00:00+00:00,2020-02-13T00:00:00+00:00,Blue Reef Resort: Surat,Blue Reef Resort,Surat,premium,1,1,0,1,142.56,142.56
c2adb7a4-53c8-11ea-9921-b88a60e194fb,WFF-AYET,orderid:851416,crmid:2492086,2020-02-11T11:22:53+00:00,call center,prd1040,1582416000,1582675200,2020-02-23T00:00:00+00:00,2020-02-26T00:00:00+00:00,Aspen Heights: Atlanta,Aspen Heights,Atlanta,luxury,1,1,2,3,358.16,1074.48
c2adb7a5-53c8-11ea-924b-b88a60e194fb,S00-6RYG,orderid:396100,crmid:7688011,2020-02-09T23:46:07+00:00,call center,prd1022,1582934400,1584230400,2020-02-29T00:00:00+00:00,2020-03-15T00:00:00+00:00,Blue Reef Resort: Washington DC,Blue Reef Resort,Washington DC,premium,1,1,0,15,106.53,1597.95
c2adb7a6-53c8-11ea-aa13-b88a60e194fb,LJI-SVD9,orderid:314630,crmid:6039282,2020-02-09T16:35:42+00:00,call center,prd1025,1583625600,1584230400,2020-03-08T00:00:00+00:00,2020-03-15T00:00:00+00:00,Grandeur Hotels: Detroit,Grandeur Hotels,Detroit,standard,1,1,0,7,135.78,950.46
c2addeae-53c8-11ea-8ba2-b88a60e194fb,PRW-U5ZH,orderid:456117,crmid:7054264,2020-02-10T14:51:19+00:00,call center,prd1021,1583625600,1584144000,2020-03-08T00:00:00+00:00,2020-03-14T00:00:00+00:00,Admiralty Plaza: Denver,Admiralty Plaza,Denver,standard,1,1,0,6,154.36,926.16
c2addeaf-53c8-11ea-9f1b-b88a60e194fb,JFY-4EWI,orderid:212355,crmid:8006911,2020-02-10T14:30:10+00:00,call center,prd1107,1583366400,1583884800,2020-03-05T00:00:00+00:00,2020-03-11T00:00:00+00:00,Hospitality Inn: Kharkiv,Hospitality Inn,Kharkiv,standard,1,1,0,6,181.72,1090.32
c2ae05c6-53c8-11ea-971f-b88a60e194fb,AKB-C8G9,orderid:218802,crmid:4515130,2020-02-11T00:31:17+00:00,call center,prd1014,1581465600,1581811200,2020-02-12T00:00:00+00:00,2020-02-16T00:00:00+00:00,Restful Nights: Jacksonville,Restful Nights,Jacksonville,luxury,1,1,0,4,402.66,1610.64
c2ae05c7-53c8-11ea-8fbc-b88a60e194fb,X6G-NVWU,orderid:231225,crmid:8845350,2020-02-09T09:17:10+00:00,call center,prd1187,1582761600,1583366400,2020-02-27T00:00:00+00:00,2020-03-05T00:00:00+00:00,Nesting Box Inn: Cleveland,Nesting Box Inn,Cleveland,premium,1,1,0,7,119.74,838.18
c2ae2cd0-53c8-11ea-9352-b88a60e194fb,KAI-SPRB,orderid:862093,crmid:1173407,2020-02-10T17:33:34+00:00,call center,prd1031,1583625600,1583798400,2020-03-08T00:00:00+00:00,2020-03-10T00:00:00+00:00,Nesting Box Inn: Louisville,Nesting Box Inn,Louisville,standard,1,1,0,2,145.15,290.3
c2ae2cd1-53c8-11ea-9139-b88a60e194fb,O1E-MWFB,orderid:963090,crmid:9813756,2020-02-11T22:36:26+00:00,call center,prd1016,1583366400,1584057600,2020-03-05T00:00:00+00:00,2020-03-13T00:00:00+00:00,Aspen Heights: Columbus,Aspen Heights,Columbus,premium,1,1,2,8,138.05,1104.4
c2ae2cd2-53c8-11ea-8e93-b88a60e194fb,6WE-UPIV,orderid:441185,crmid:2134587,2020-02-11T19:13:17+00:00,call center,prd1019,1582934400,1584230400,2020-02-29T00:00:00+00:00,2020-03-15T00:00:00+00:00,Nesting Box Inn: Charlotte,Nesting Box Inn,Charlotte,standard,1,1,0,15,145.89,2188.35
c2ae53de-53c8-11ea-9bce-b88a60e194fb,LBY-ST1D,orderid:715858,crmid:4667918,2020-02-11T06:30:14+00:00,call center,prd1129,1583452800,1584144000,2020-03-06T00:00:00+00:00,2020-03-14T00:00:00+00:00,Admiralty Plaza: Helsinki,Admiralty Plaza,Helsinki,standard,1,1,0,8,140.51,1124.08
c2ae53df-53c8-11ea-b0c1-b88a60e194fb,KUJ-YDJV,orderid:626839,crmid:3784194,2020-02-09T01:10:58+00:00,call center,prd1011,1583107200,1584057600,2020-03-02T00:00:00+00:00,2020-03-13T00:00:00+00:00,Hospitality Inn: Dallas,Hospitality Inn,Dallas,standard,1,1,0,11,88.3,971.3
c2ae53e0-53c8-11ea-a7be-b88a60e194fb,LOM-H4W5,orderid:736853,crmid:5409249,2020-02-11T18:26:45+00:00,call center,prd1105,1583539200,1583798400,2020-03-07T00:00:00+00:00,2020-03-10T00:00:00+00:00,Admiralty Plaza: Barcelona,Admiralty Plaza,Barcelona,premium,1,1,0,3,133.4,400.2
c2ae7af6-53c8-11ea-a7fe-b88a60e194fb,U4M-LHTC,orderid:456052,crmid:7909528,2020-02-11T05:43:34+00:00,call center,prd1134,1581552000,1581724800,2020-02-13T00:00:00+00:00,2020-02-15T00:00:00+00:00,Restful Nights: Montreal,Restful Nights,Montreal,premium,1,1,0,2,130.39,260.78
c2ae7af7-53c8-11ea-b201-b88a60e194fb,ICB-JD0U,orderid:623596,crmid:4331810,2020-02-11T20:53:35+00:00,call center,prd1130,1583452800,1584057600,2020-03-06T00:00:00+00:00,2020-03-13T00:00:00+00:00,Blue Reef Resort: Bremen,Blue Reef Resort,Bremen,standard,1,1,0,7,124.53,871.71
c2aea1fe-53c8-11ea-8df1-b88a60e194fb,G6E-WNPV,orderid:866792,crmid:2245509,2020-02-09T16:18:04+00:00,call center,prd1017,1581292800,1581465600,2020-02-10T00:00:00+00:00,2020-02-12T00:00:00+00:00,Sapphire Suites: Fort Worth,Sapphire Suites,Fort Worth,standard,1,1,0,2,156.68,313.36
c2aea1ff-53c8-11ea-be9e-b88a60e194fb,HKI-PV7X,orderid:216742,crmid:6350371,2020-02-11T02:50:12+00:00,call center,prd1119,1582675200,1583452800,2020-02-26T00:00:00+00:00,2020-03-06T00:00:00+00:00,Hospitality Inn: Turin,Hospitality Inn,Turin,premium,1,1,3,9,145.07,1305.63
c2aec912-53c8-11ea-b14a-b88a60e194fb,CMI-7MTA,orderid:445101,crmid:3466991,2020-02-08T23:26:04+00:00,call center,prd1142,1581206400,1581379200,2020-02-09T00:00:00+00:00,2020-02-11T00:00:00+00:00,Blue Reef Resort: Philadelphia,Blue Reef Resort,Philadelphia,standard,1,1,0,2,122.55,245.1
c2aec913-53c8-11ea-8844-b88a60e194fb,PHR-XC32,orderid:339711,crmid:2526538,2020-02-08T19:36:33+00:00,call center,prd1022,1583452800,1583884800,2020-03-06T00:00:00+00:00,2020-03-11T00:00:00+00:00,Blue Reef Resort: Washington DC,Blue Reef Resort,Washington DC,standard,1,1,0,5,142.37,711.85
c2aec914-53c8-11ea-8e7c-b88a60e194fb,JDG-RSLN,orderid:945233,crmid:5540780,2020-02-09T14:25:13+00:00,call center,prd1050,1581465600,1581638400,2020-02-12T00:00:00+00:00,2020-02-14T00:00:00+00:00,Restful Nights: Arlington,Restful Nights,Arlington,standard,1,1,0,2,114.4,228.8
c2aef024-53c8-11ea-9b61-b88a60e194fb,GB4-AAYT,orderid:369982,crmid:4339574,2020-02-11T23:16:53+00:00,call center,prd1057,1582848000,1583366400,2020-02-28T00:00:00+00:00,2020-03-05T00:00:00+00:00,Admiralty Plaza: Mumbai,Admiralty Plaza,Mumbai,premium,1,1,0,6,135.31,811.86
c2aef025-53c8-11ea-a4a6-b88a60e194fb,4UE-EYB7,orderid:835595,crmid:2297929,2020-02-11T11:49:40+00:00,call center,prd1117,1581465600,1581638400,2020-02-12T00:00:00+00:00,2020-02-14T00:00:00+00:00,Admiralty Plaza: Dublin,Admiralty Plaza,Dublin,premium,1,1,0,2,149.59,299.18
c2af1730-53c8-11ea-9b62-b88a60e194fb,XRV-7M1S,orderid:273894,crmid:1330612,2020-02-11T10:11:50+00:00,call center,prd1010,1583280000,1584316800,2020-03-04T00:00:00+00:00,2020-03-16T00:00:00+00:00,Blue Reef Resort: San Diego,Blue Reef Resort,San Diego,standard,1,1,0,12,155.3,1863.6
c2af3e7e-53c8-11ea-a1b2-b88a60e194fb,DDG-AAHC,orderid:172122,crmid:4483638,2020-02-10T10:54:31+00:00,call center,prd1028,1583539200,1584230400,2020-03-07T00:00:00+00:00,2020-03-15T00:00:00+00:00,Aspen Heights: Portland,Aspen Heights,Portland,standard,1,1,1,8,140.39,1123.12
c2af3e7f-53c8-11ea-835b-b88a60e194fb,0Q8-CMRP,orderid:285997,crmid:6411033,2020-02-10T04:53:10+00:00,call center,prd1136,1581379200,1581552000,2020-02-11T00:00:00+00:00,2020-02-13T00:00:00+00:00,Aspen Heights: Osaka,Aspen Heights,Osaka,standard,1,1,0,2,145.24,290.48
c2af6550-53c8-11ea-a8ad-b88a60e194fb,2ME-LHLA,orderid:604408,crmid:2379544,2020-02-09T03:47:33+00:00,call center,prd1197,1583798400,1584230400,2020-03-10T00:00:00+00:00,2020-03-15T00:00:00+00:00,Sapphire Suites: London,Sapphire Suites,London,standard,1,1,4,5,138.8,694.0
c2af6551-53c8-11ea-a8db-b88a60e194fb,BTK-A6BD,orderid:945958,crmid:8518335,2020-02-09T12:03:27+00:00,call center,prd1105,1583452800,1584057600,2020-03-06T00:00:00+00:00,2020-03-13T00:00:00+00:00,Admiralty Plaza: Barcelona,Admiralty Plaza,Barcelona,standard,1,1,0,7,161.01,1127.07
c2af8c62-53c8-11ea-846b-b88a60e194fb,CNP-WPZT,orderid:891639,crmid:7713517,2020-02-11T13:18:43+00:00,call center,prd1098,1583798400,1584316800,2020-03-10T00:00:00+00:00,2020-03-16T00:00:00+00:00,Restful Nights: Kiev,Restful Nights,Kiev,standard,1,1,0,6,165.64,993.84
c2af8c63-53c8-11ea-b50b-b88a60e194fb,JMW-OGDT,orderid:164413,crmid:2208125,2020-02-09T13:45:01+00:00,call center,prd1043,1581552000,1581638400,2020-02-13T00:00:00+00:00,2020-02-14T00:00:00+00:00,Nesting Box Inn: Raleigh,Nesting Box Inn,Raleigh,standard,1,1,0,1,124.86,124.86
c2afb370-53c8-11ea-9c37-b88a60e194fb,A6K-MIWL,orderid:813411,crmid:8138201,2020-02-10T04:15:26+00:00,call center,prd1153,1583193600,1583798400,2020-03-03T00:00:00+00:00,2020-03-10T00:00:00+00:00,Admiralty Plaza: Charlotte,Admiralty Plaza,Charlotte,luxury,1,1,1,7,281.05,1967.35
c2afb371-53c8-11ea-8a49-b88a60e194fb,Y8H-ZVA8,orderid:209200,crmid:2319108,2020-02-09T11:16:36+00:00,call center,prd1083,1582761600,1583366400,2020-02-27T00:00:00+00:00,2020-03-05T00:00:00+00:00,Hospitality Inn: Bangkok,Hospitality Inn,Bangkok,standard,1,1,0,7,166.54,1165.78
c2afb372-53c8-11ea-9569-b88a60e194fb,JAO-F7VA,orderid:938503,crmid:6747301,2020-02-10T19:54:08+00:00,call center,prd1121,1582848000,1583884800,2020-02-28T00:00:00+00:00,2020-03-11T00:00:00+00:00,Grandeur Hotels: Stockholm,Grandeur Hotels,Stockholm,luxury,1,1,0,12,296.92,3563.04
c2afda80-53c8-11ea-916e-b88a60e194fb,CJL-K1AZ,orderid:760735,crmid:7116072,2020-02-09T17:04:39+00:00,call center,prd1021,1583280000,1583798400,2020-03-04T00:00:00+00:00,2020-03-10T00:00:00+00:00,Admiralty Plaza: Denver,Admiralty Plaza,Denver,standard,1,1,0,6,184.15,1104.9
c2b00236-53c8-11ea-acb5-b88a60e194fb,WW5-8H8I,orderid:515849,crmid:2704341,2020-02-08T20:03:47+00:00,call center,prd1118,1581206400,1581465600,2020-02-09T00:00:00+00:00,2020-02-12T00:00:00+00:00,Blue Reef Resort: Cologne,Blue Reef Resort,Cologne,standard,1,1,0,3,131.94,395.82
c2b00237-53c8-11ea-a7c4-b88a60e194fb,NWB-WVRW,orderid:404001,crmid:3077018,2020-02-09T09:50:57+00:00,call center,prd1085,1581552000,1581811200,2020-02-13T00:00:00+00:00,2020-02-16T00:00:00+00:00,Grandeur Hotels: Saint Petersburg,Grandeur Hotels,Saint Petersburg,standard,1,1,0,3,109.4,328.2
c2b028a4-53c8-11ea-bd47-b88a60e194fb,EQX-NE4P,orderid:958598,crmid:7395731,2020-02-10T05:15:40+00:00,call center,prd1039,1583366400,1583884800,2020-03-05T00:00:00+00:00,2020-03-11T00:00:00+00:00,Family Fun Hotels: Kansas City,Family Fun Hotels,Kansas City,standard,1,1,4,6,130.61,783.66
c2b028a5-53c8-11ea-8f4c-b88a60e194fb,T1Q-UZAR,orderid:132414,crmid:6094001,2020-02-09T14:31:08+00:00,call center,prd1081,1581379200,1581465600,2020-02-11T00:00:00+00:00,2020-02-12T00:00:00+00:00,Admiralty Plaza: Rod de Janeiro,Admiralty Plaza,Rod de Janeiro,standard,1,1,0,1,157.61,157.61
c2b028a6-53c8-11ea-851b-b88a60e194fb,894-XSTI,orderid:792499,crmid:7435071,2020-02-10T15:39:36+00:00,call center,prd1171,1581552000,1581638400,2020-02-13T00:00:00+00:00,2020-02-14T00:00:00+00:00,Family Fun Hotels: Sacramento,Family Fun Hotels,Sacramento,premium,1,1,0,1,123.48,123.48
c2b04fb0-53c8-11ea-ae8d-b88a60e194fb,JBS-9QF2,orderid:943499,crmid:5341058,2020-02-09T10:32:10+00:00,call center,prd1111,1581292800,1581465600,2020-02-10T00:00:00+00:00,2020-02-12T00:00:00+00:00,Family Fun Hotels: Prague,Family Fun Hotels,Prague,standard,1,1,0,2,127.65,255.3
c2b04fb1-53c8-11ea-aea6-b88a60e194fb,M5A-5RO9,orderid:477198,crmid:7503705,2020-02-10T09:58:08+00:00,call center,prd1107,1583366400,1583798400,2020-03-05T00:00:00+00:00,2020-03-10T00:00:00+00:00,Hospitality Inn: Kharkiv,Hospitality Inn,Kharkiv,standard,1,1,4,5,114.46,572.3
c2b04fb2-53c8-11ea-bd8d-b88a60e194fb,LEQ-WX5G,orderid:508714,crmid:4898359,2020-02-11T18:08:16+00:00,call center,prd1067,1583539200,1584144000,2020-03-07T00:00:00+00:00,2020-03-14T00:00:00+00:00,Nesting Box Inn: Istanbul,Nesting Box Inn,Istanbul,premium,1,1,0,7,165.15,1156.05
c2b076c0-53c8-11ea-b346-b88a60e194fb,ZB7-4X3G,orderid:361761,crmid:8281558,2020-02-11T10:31:29+00:00,call center,prd1075,1581897600,1582502400,2020-02-17T00:00:00+00:00,2020-02-24T00:00:00+00:00,Family Fun Hotels: Bangalore,Family Fun Hotels,Bangalore,luxury,1,1,0,7,292.35,2046.45
c2b076c1-53c8-11ea-8273-b88a60e194fb,C1G-EYKL,orderid:202239,crmid:2070282,2020-02-09T12:28:45+00:00,call center,prd1166,1583107200,1583452800,2020-03-02T00:00:00+00:00,2020-03-06T00:00:00+00:00,Blue Reef Resort: Baltimore,Blue Reef Resort,Baltimore,luxury,1,1,3,4,288.65,1154.6
c2b09dd2-53c8-11ea-8685-b88a60e194fb,L0S-PYCA,orderid:306562,crmid:8763516,2020-02-11T21:29:58+00:00,call center,prd1008,1583280000,1583884800,2020-03-04T00:00:00+00:00,2020-03-11T00:00:00+00:00,Repose Resort: Philadelphia,Repose Resort,Philadelphia,standard,1,1,0,7,111.53,780.71
c2b09dd3-53c8-11ea-bac2-b88a60e194fb,RUA-T2NQ,orderid:561712,crmid:4882910,2020-02-10T16:42:50+00:00,call center,prd1035,1581379200,1581465600,2020-02-11T00:00:00+00:00,2020-02-12T00:00:00+00:00,Hospitality Inn: Tucson,Hospitality Inn,Tucson,premium,1,1,0,1,121.5,121.5
c2b0c4e2-53c8-11ea-ac90-b88a60e194fb,HOJ-AMCI,orderid:480288,crmid:9789769,2020-02-11T05:23:54+00:00,call center,prd1193,1581552000,1581638400,2020-02-13T00:00:00+00:00,2020-02-14T00:00:00+00:00,Grandeur Hotels: Kinshasa,Grandeur Hotels,Kinshasa,premium,1,1,0,1,161.37,161.37
c2b0c4e3-53c8-11ea-b308-b88a60e194fb,3BA-KWWD,orderid:430586,crmid:1084880,2020-02-11T09:51:18+00:00,call center,prd1196,1581811200,1581897600,2020-02-16T00:00:00+00:00,2020-02-17T00:00:00+00:00,Aspen Heights: Moscow,Aspen Heights,Moscow,standard,1,1,0,1,162.49,162.49
c2b0c4e4-53c8-11ea-b881-b88a60e194fb,PLI-ZON6,orderid:784551,crmid:3391132,2020-02-11T13:51:10+00:00,call center,prd1160,1581465600,1581552000,2020-02-12T00:00:00+00:00,2020-02-13T00:00:00+00:00,Aspen Heights: Nashville,Aspen Heights,Nashville,premium,1,1,0,1,129.07,129.07
c2b0ebee-53c8-11ea-abf4-b88a60e194fb,XSJ-QIRB,orderid:648922,crmid:1807947,2020-02-09T14:33:38+00:00,call center,prd1193,1581552000,1581638400,2020-02-13T00:00:00+00:00,2020-02-14T00:00:00+00:00,Grandeur Hotels: Kinshasa,Grandeur Hotels,Kinshasa,premium,1,1,0,1,149.95,149.95
c2b0ebef-53c8-11ea-97c4-b88a60e194fb,XRO-IGVS,orderid:831846,crmid:4579982,2020-02-09T22:03:01+00:00,call center,prd1016,1583280000,1584835200,2020-03-04T00:00:00+00:00,2020-03-22T00:00:00+00:00,Aspen Heights: Columbus,Aspen Heights,Columbus,standard,1,1,0,18,148.49,2672.82
c2b11300-53c8-11ea-8051-b88a60e194fb,AUD-BIHW,orderid:392704,crmid:1818772,2020-02-11T21:15:03+00:00,call center,prd1160,1583625600,1584144000,2020-03-08T00:00:00+00:00,2020-03-14T00:00:00+00:00,Aspen Heights: Nashville,Aspen Heights,Nashville,standard,1,1,0,6,150.64,903.84
c2b11301-53c8-11ea-a727-b88a60e194fb,1K3-2Y2J,orderid:803025,crmid:8487171,2020-02-10T08:18:41+00:00,call center,prd1057,1581724800,1581811200,2020-02-15T00:00:00+00:00,2020-02-16T00:00:00+00:00,Admiralty Plaza: Mumbai,Admiralty Plaza,Mumbai,standard,1,1,0,1,156.73,156.73
c2b11302-53c8-11ea-8b7b-b88a60e194fb,MOA-QHIN,orderid:118687,crmid:2417436,2020-02-10T05:33:11+00:00,call center,prd1094,1583280000,1583539200,2020-03-04T00:00:00+00:00,2020-03-07T00:00:00+00:00,Blue Reef Resort: Berlin,Blue Reef Resort,Berlin,premium,1,1,0,3,109.82,329.46
c2b13a12-53c8-11ea-8b32-b88a60e194fb,XEO-TJXY,orderid:331334,crmid:8602802,2020-02-11T22:13:34+00:00,call center,prd1165,1581465600,1581552000,2020-02-12T00:00:00+00:00,2020-02-13T00:00:00+00:00,Admiralty Plaza: Louisville,Admiralty Plaza,Louisville,standard,1,1,0,1,121.7,121.7
c2b13a13-53c8-11ea-b262-b88a60e194fb,SPS-PVK5,orderid:179376,crmid:6487632,2020-02-10T22:13:13+00:00,call center,prd1137,1582761600,1583366400,2020-02-27T00:00:00+00:00,2020-03-05T00:00:00+00:00,Sapphire Suites: Manila,Sapphire Suites,Manila,presidential-suite,1,1,0,7,855.61,5989.27
c2b16122-53c8-11ea-a903-b88a60e194fb,XMN-LBNZ,orderid:912355,crmid:4678533,2020-02-10T00:18:48+00:00,call center,prd1143,1581379200,1581552000,2020-02-11T00:00:00+00:00,2020-02-13T00:00:00+00:00,Hospitality Inn: San Antonio,Hospitality Inn,San Antonio,standard,1,1,0,2,155.01,310.02
c2b16123-53c8-11ea-94c2-b88a60e194fb,SL2-SS0Z,orderid:828337,crmid:9707778,2020-02-11T19:13:27+00:00,call center,prd1053,1581638400,1581811200,2020-02-14T00:00:00+00:00,2020-02-16T00:00:00+00:00,Sapphire Suites: Cleveland,Sapphire Suites,Cleveland,premium,1,1,0,2,126.31,252.62
c2b16124-53c8-11ea-a92c-b88a60e194fb,YZH-CDHA,orderid:281160,crmid:6774475,2020-02-10T03:51:32+00:00,call center,prd1040,1581379200,1581638400,2020-02-11T00:00:00+00:00,2020-02-14T00:00:00+00:00,Aspen Heights: Atlanta,Aspen Heights,Atlanta,standard,1,1,0,3,146.62,439.86
c2b18830-53c8-11ea-8a01-b88a60e194fb,L1D-8JLI,orderid:455759,crmid:3016545,2020-02-09T20:54:33+00:00,call center,prd1190,1581292800,1581811200,2020-02-10T00:00:00+00:00,2020-02-16T00:00:00+00:00,Blue Reef Resort: Aurora,Blue Reef Resort,Aurora,luxury,1,1,0,6,305.43,1832.58
c2b18831-53c8-11ea-b06e-b88a60e194fb,IQR-7DCU,orderid:122256,crmid:5335264,2020-02-08T23:17:09+00:00,call center,prd1004,1583020800,1583712000,2020-03-01T00:00:00+00:00,2020-03-09T00:00:00+00:00,Aspen Heights: Boulder,Aspen Heights,Boulder,standard,1,1,1,8,123.79,990.32
c2b1af46-53c8-11ea-9d14-b88a60e194fb,YGM-O1VF,orderid:552326,crmid:1286981,2020-02-11T17:27:29+00:00,call center,prd1077,1583107200,1583452800,2020-03-02T00:00:00+00:00,2020-03-06T00:00:00+00:00,Sapphire Suites: Cairo,Sapphire Suites,Cairo,standard,1,1,0,4,152.99,611.96
c2b1af47-53c8-11ea-9722-b88a60e194fb,LCQ-S12S,orderid:823327,crmid:8092898,2020-02-10T13:55:45+00:00,call center,prd1170,1581379200,1581811200,2020-02-11T00:00:00+00:00,2020-02-16T00:00:00+00:00,Restful Nights: Fresno,Restful Nights,Fresno,standard,1,1,0,5,177.04,885.2
c2b1af48-53c8-11ea-a3da-b88a60e194fb,BL1-M1S9,orderid:923961,crmid:7709119,2020-02-11T17:39:14+00:00,call center,prd1158,1583107200,1583884800,2020-03-02T00:00:00+00:00,2020-03-11T00:00:00+00:00,Restful Nights: El Paso,Restful Nights,El Paso,standard,1,1,0,9,140.73,1266.57
c2b1d650-53c8-11ea-9df1-b88a60e194fb,JKG-LY7P,orderid:901347,crmid:5844888,2020-02-11T23:42:37+00:00,call center,prd1018,1581465600,1581897600,2020-02-12T00:00:00+00:00,2020-02-17T00:00:00+00:00,Sego Lily Suites: Indianapolis,Sego Lily Suites,Indianapolis,standard,1,1,0,5,157.09,785.45
c2b1d651-53c8-11ea-9606-b88a60e194fb,THM-VQLB,orderid:689245,crmid:5922847,2020-02-10T17:02:18+00:00,call center,prd1058,1582329600,1583020800,2020-02-22T00:00:00+00:00,2020-03-01T00:00:00+00:00,Blue Reef Resort: Delhi,Blue Reef Resort,Delhi,standard,1,1,0,8,145.9,1167.2
c2b1fd5e-53c8-11ea-8827-b88a60e194fb,C2V-AMKV,orderid:300450,crmid:7215397,2020-02-10T14:13:45+00:00,call center,prd1064,1583539200,1584057600,2020-03-07T00:00:00+00:00,2020-03-13T00:00:00+00:00,Aspen Heights: Paris,Aspen Heights,Paris,standard,1,1,0,6,145.26,871.56
c2b1fd5f-53c8-11ea-aa0c-b88a60e194fb,MQA-HOOD,orderid:114573,crmid:9075023,2020-02-10T17:43:21+00:00,call center,prd1166,1583452800,1584144000,2020-03-06T00:00:00+00:00,2020-03-14T00:00:00+00:00,Blue Reef Resort: Baltimore,Blue Reef Resort,Baltimore,standard,1,1,0,8,162.63,1301.04
c2b1fd60-53c8-11ea-9c5d-b88a60e194fb,BCY-QAVP,orderid:975880,crmid:2990672,2020-02-11T13:15:40+00:00,call center,prd1169,1581465600,1581638400,2020-02-12T00:00:00+00:00,2020-02-14T00:00:00+00:00,Grandeur Hotels: Tucson,Grandeur Hotels,Tucson,standard,1,1,0,2,105.3,210.6
c2b22470-53c8-11ea-9d3d-b88a60e194fb,D1U-YRVP,orderid:246726,crmid:5471577,2020-02-08T09:06:23+00:00,call center,prd1190,1582416000,1583107200,2020-02-23T00:00:00+00:00,2020-03-02T00:00:00+00:00,Blue Reef Resort: Aurora,Blue Reef Resort,Aurora,standard,1,1,0,8,136.79,1094.32
c2b22471-53c8-11ea-b4a2-b88a60e194fb,9JA-5VLP,orderid:479082,crmid:9369764,2020-02-09T11:55:48+00:00,call center,prd1021,1581465600,1581811200,2020-02-12T00:00:00+00:00,2020-02-16T00:00:00+00:00,Admiralty Plaza: Denver,Admiralty Plaza,Denver,standard,1,1,0,4,119.85,479.4
c2b24b82-53c8-11ea-a6b0-b88a60e194fb,BYK-34NC,orderid:229645,crmid:3527340,2020-02-10T06:07:12+00:00,call center,prd1069,1583366400,1583712000,2020-03-05T00:00:00+00:00,2020-03-09T00:00:00+00:00,Admiralty Plaza: Singapore,Admiralty Plaza,Singapore,standard,1,1,3,4,106.5,426.0
c2b2732c-53c8-11ea-9932-b88a60e194fb,6VZ-FBM4,orderid:703338,crmid:1573122,2020-02-09T19:17:42+00:00,call center,prd1153,1583452800,1583712000,2020-03-06T00:00:00+00:00,2020-03-09T00:00:00+00:00,Admiralty Plaza: Charlotte,Admiralty Plaza,Charlotte,standard,1,1,0,3,149.3,447.9
c2b2732d-53c8-11ea-b5ac-b88a60e194fb,GNJ-7BPB,orderid:349743,crmid:9773357,2020-02-11T09:59:53+00:00,call center,prd1052,1581552000,1583107200,2020-02-13T00:00:00+00:00,2020-03-02T00:00:00+00:00,Aspen Heights: Wichita,Aspen Heights,Wichita,standard,1,1,0,18,140.15,2522.7
c2b299a2-53c8-11ea-8cdb-b88a60e194fb,GA7-2KA0,orderid:807694,crmid:9705453,2020-02-10T17:10:32+00:00,call center,prd1170,1581984000,1583020800,2020-02-18T00:00:00+00:00,2020-03-01T00:00:00+00:00,Restful Nights: Fresno,Restful Nights,Fresno,standard,1,1,0,12,147.23,1766.76
c2b299a3-53c8-11ea-b3e1-b88a60e194fb,GF2-AQXQ,orderid:285418,crmid:9497866,2020-02-10T03:56:21+00:00,call center,prd1094,1581724800,1581811200,2020-02-15T00:00:00+00:00,2020-02-16T00:00:00+00:00,Blue Reef Resort: Berlin,Blue Reef Resort,Berlin,standard,1,1,0,1,101.76,101.76
c2b2e858-53c8-11ea-b702-b88a60e194fb,RY4-BVMH,orderid:919630,crmid:8856116,2020-02-10T06:07:48+00:00,call center,prd1172,1581724800,1582243200,2020-02-15T00:00:00+00:00,2020-02-21T00:00:00+00:00,Aspen Heights: Mesa,Aspen Heights,Mesa,premium,1,1,0,6,88.9,533.4
c2b30ec6-53c8-11ea-bbc9-b88a60e194fb,M2B-NMTF,orderid:626462,crmid:2524947,2020-02-09T11:04:44+00:00,call center,prd1182,1582934400,1583452800,2020-02-29T00:00:00+00:00,2020-03-06T00:00:00+00:00,Restful Nights: Minneapolis,Restful Nights,Minneapolis,standard,1,1,0,6,136.8,820.8
c2b30ec7-53c8-11ea-83dd-b88a60e194fb,ISF-PXH8,orderid:775552,crmid:2575108,2020-02-09T18:36:27+00:00,call center,prd1101,1582070400,1583020800,2020-02-19T00:00:00+00:00,2020-03-01T00:00:00+00:00,Sapphire Suites: Vienna,Sapphire Suites,Vienna,standard,1,1,0,11,140.52,1545.72
c2b33648-53c8-11ea-87f5-b88a60e194fb,OIL-FVBH,orderid:245057,crmid:1345723,2020-02-10T10:08:38+00:00,call center,prd1089,1581465600,1581552000,2020-02-12T00:00:00+00:00,2020-02-13T00:00:00+00:00,Sapphire Suites: Rome,Sapphire Suites,Rome,standard,1,1,0,1,96.31,96.31
c2b33649-53c8-11ea-a754-b88a60e194fb,2PR-U7WU,orderid:179533,crmid:7260478,2020-02-10T21:17:30+00:00,call center,prd1109,1583712000,1584576000,2020-03-09T00:00:00+00:00,2020-03-19T00:00:00+00:00,Grandeur Hotels: Belgrade,Grandeur Hotels,Belgrade,standard,1,1,0,10,125.84,1258.4
c2b35d74-53c8-11ea-a2a6-b88a60e194fb,DHK-VIFQ,orderid:107053,crmid:8403252,2020-02-10T22:27:54+00:00,call center,prd1122,1581724800,1581811200,2020-02-15T00:00:00+00:00,2020-02-16T00:00:00+00:00,Restful Nights: Valencia,Restful Nights,Valencia,standard,1,1,0,1,138.35,138.35
c2b383f6-53c8-11ea-b963-b88a60e194fb,YGK-NHP7,orderid:474548,crmid:3638746,2020-02-10T03:44:04+00:00,call center,prd1057,1582329600,1582588800,2020-02-22T00:00:00+00:00,2020-02-25T00:00:00+00:00,Admiralty Plaza: Mumbai,Admiralty Plaza,Mumbai,luxury,1,1,0,3,309.95,929.85
c2b383f7-53c8-11ea-b446-b88a60e194fb,2OW-WONC,orderid:551644,crmid:6194400,2020-02-11T05:55:51+00:00,call center,prd1148,1583280000,1583539200,2020-03-04T00:00:00+00:00,2020-03-07T00:00:00+00:00,Aspen Heights: Jacksonville,Aspen Heights,Jacksonville,presidential-suite,1,1,0,3,908.31,2724.93
c2b3abb4-53c8-11ea-8616-b88a60e194fb,QV5-H4TK,orderid:296444,crmid:5183085,2020-02-09T10:24:55+00:00,call center,prd1047,1583539200,1584057600,2020-03-07T00:00:00+00:00,2020-03-13T00:00:00+00:00,Hospitality Inn: Oakland,Hospitality Inn,Oakland,standard,1,1,2,6,83.84,503.04
c2b3abb5-53c8-11ea-9b11-b88a60e194fb,NP8-ALDN,orderid:628611,crmid:7920899,2020-02-09T17:48:43+00:00,call center,prd1009,1582675200,1583107200,2020-02-26T00:00:00+00:00,2020-03-02T00:00:00+00:00,Admiralty Plaza: San Antonio,Admiralty Plaza,San Antonio,premium,1,1,0,5,113.25,566.25
c2b3d282-53c8-11ea-b96d-b88a60e194fb,5XY-WLZI,orderid:189451,crmid:9573375,2020-02-11T00:36:21+00:00,call center,prd1046,1583798400,1584316800,2020-03-10T00:00:00+00:00,2020-03-16T00:00:00+00:00,Blue Reef Resort: Virginia Beach,Blue Reef Resort,Virginia Beach,standard,1,1,0,6,114.67,688.02
c2b3f9d0-53c8-11ea-9b71-b88a60e194fb,3TV-ZTEV,orderid:854177,crmid:4420555,2020-02-09T06:43:26+00:00,call center,prd1197,1582502400,1583366400,2020-02-24T00:00:00+00:00,2020-03-05T00:00:00+00:00,Sapphire Suites: London,Sapphire Suites,London,standard,1,1,0,10,153.96,1539.6
c2b3f9d1-53c8-11ea-a3ad-b88a60e194fb,BDK-WM4O,orderid:985599,crmid:8881458,2020-02-10T08:57:14+00:00,call center,prd1068,1583107200,1583712000,2020-03-02T00:00:00+00:00,2020-03-09T00:00:00+00:00,Repose Resort: Dhaka,Repose Resort,Dhaka,standard,1,1,0,7,145.43,1018.01
c2b3f9d2-53c8-11ea-93a0-b88a60e194fb,BNB-IP29,orderid:661357,crmid:7558753,2020-02-11T10:49:20+00:00,call center,prd1010,1583193600,1584144000,2020-03-03T00:00:00+00:00,2020-03-14T00:00:00+00:00,Blue Reef Resort: San Diego,Blue Reef Resort,San Diego,standard,1,1,0,11,107.69,1184.59
c2b42066-53c8-11ea-a0ad-b88a60e194fb,AEJ-STFM,orderid:173036,crmid:2356599,2020-02-10T15:53:24+00:00,call center,prd1137,1583280000,1583798400,2020-03-04T00:00:00+00:00,2020-03-10T00:00:00+00:00,Sapphire Suites: Manila,Sapphire Suites,Manila,standard,1,1,0,6,141.73,850.38
c2b42067-53c8-11ea-8809-b88a60e194fb,BOS-IVC8,orderid:704451,crmid:4124190,2020-02-11T21:58:18+00:00,call center,prd1097,1583020800,1583452800,2020-03-01T00:00:00+00:00,2020-03-06T00:00:00+00:00,Grandeur Hotels: Buenos Aires,Grandeur Hotels,Buenos Aires,standard,1,1,0,5,153.56,767.8
c2b4475a-53c8-11ea-a453-b88a60e194fb,8JN-CIOC,orderid:756050,crmid:5469984,2020-02-11T22:40:37+00:00,call center,prd1128,1581465600,1581638400,2020-02-12T00:00:00+00:00,2020-02-14T00:00:00+00:00,Repose Resort: Rotterdam,Repose Resort,Rotterdam,standard,1,1,0,2,165.45,330.9
c2b4475b-53c8-11ea-9f72-b88a60e194fb,HBD-CTPH,orderid:334039,crmid:6318703,2020-02-10T01:34:16+00:00,call center,prd1117,1582934400,1583712000,2020-02-29T00:00:00+00:00,2020-03-09T00:00:00+00:00,Admiralty Plaza: Dublin,Admiralty Plaza,Dublin,standard,1,1,0,9,169.2,1522.8
c2b46e5c-53c8-11ea-8762-b88a60e194fb,XU2-MB0V,orderid:502579,crmid:4559170,2020-02-09T09:23:03+00:00,call center,prd1137,1583539200,1583971200,2020-03-07T00:00:00+00:00,2020-03-12T00:00:00+00:00,Sapphire Suites: Manila,Sapphire Suites,Manila,ultra-luxury,1,1,0,5,343.42,1717.1
c2b46e5d-53c8-11ea-9c8c-b88a60e194fb,WTX-7H7D,orderid:456727,crmid:5994941,2020-02-10T21:16:09+00:00,call center,prd1124,1583280000,1583798400,2020-03-04T00:00:00+00:00,2020-03-10T00:00:00+00:00,Aspen Heights: Leeds,Aspen Heights,Leeds,standard,1,1,0,6,164.46,986.76
c2b46e5e-53c8-11ea-a9d0-b88a60e194fb,ZNP-J7WQ,orderid:428111,crmid:2925069,2020-02-09T08:55:13+00:00,call center,prd1058,1581638400,1581811200,2020-02-14T00:00:00+00:00,2020-02-16T00:00:00+00:00,Blue Reef Resort: Delhi,Blue Reef Resort,Delhi,standard,1,1,0,2,157.17,314.34
c2b49568-53c8-11ea-ac98-b88a60e194fb,SWR-CMTV,orderid:717205,crmid:1513848,2020-02-11T10:53:59+00:00,call center,prd1129,1581552000,1581724800,2020-02-13T00:00:00+00:00,2020-02-15T00:00:00+00:00,Admiralty Plaza: Helsinki,Admiralty Plaza,Helsinki,standard,1,1,0,2,125.36,250.72
c2b49569-53c8-11ea-b438-b88a60e194fb,3EN-CQW3,orderid:800307,crmid:4061715,2020-02-10T16:34:50+00:00,call center,prd1143,1582934400,1583193600,2020-02-29T00:00:00+00:00,2020-03-03T00:00:00+00:00,Hospitality Inn: San Antonio,Hospitality Inn,San Antonio,standard,1,1,0,3,156.72,470.16
c2b4bc7a-53c8-11ea-9d63-b88a60e194fb,JDJ-WQPF,orderid:329669,crmid:9674212,2020-02-09T08:55:22+00:00,call center,prd1028,1583452800,1584144000,2020-03-06T00:00:00+00:00,2020-03-14T00:00:00+00:00,Aspen Heights: Portland,Aspen Heights,Portland,luxury,1,1,0,8,256.83,2054.64
c2b4bc7b-53c8-11ea-abc5-b88a60e194fb,RBA-XOMY,orderid:789000,crmid:7720564,2020-02-09T04:22:10+00:00,call center,prd1033,1583280000,1583625600,2020-03-04T00:00:00+00:00,2020-03-08T00:00:00+00:00,Admiralty Plaza: Milwaukee,Admiralty Plaza,Milwaukee,ultra-luxury,1,1,0,4,374.28,1497.12
c2b4bc7c-53c8-11ea-b60a-b88a60e194fb,PES-2QQ8,orderid:111351,crmid:9972629,2020-02-09T02:51:10+00:00,call center,prd1149,1583366400,1584230400,2020-03-05T00:00:00+00:00,2020-03-15T00:00:00+00:00,Sapphire Suites: San Francisco,Sapphire Suites,San Francisco,standard,1,1,0,10,112.22,1122.2
c2b4e38c-53c8-11ea-9759-b88a60e194fb,FIH-JUX2,orderid:223278,crmid:8255146,2020-02-11T06:09:11+00:00,call center,prd1160,1583798400,1584403200,2020-03-10T00:00:00+00:00,2020-03-17T00:00:00+00:00,Aspen Heights: Nashville,Aspen Heights,Nashville,premium,1,1,0,7,180.37,1262.59
c2b4e38d-53c8-11ea-985f-b88a60e194fb,MKC-CBS2,orderid:544165,crmid:2437522,2020-02-09T14:37:08+00:00,call center,prd1095,1583280000,1584316800,2020-03-04T00:00:00+00:00,2020-03-16T00:00:00+00:00,Hospitality Inn: Casablanca,Hospitality Inn,Casablanca,luxury,1,1,0,12,378.18,4538.16
c2b4e38e-53c8-11ea-9be8-b88a60e194fb,T6B-GUTA,orderid:794147,crmid:4637950,2020-02-10T21:55:09+00:00,call center,prd1100,1581465600,1581638400,2020-02-12T00:00:00+00:00,2020-02-14T00:00:00+00:00,Aspen Heights: Misk,Aspen Heights,Misk,standard,1,1,0,2,137.25,274.5
c2b50a9c-53c8-11ea-a7ab-b88a60e194fb,5JD-6BPM,orderid:719021,crmid:7652830,2020-02-09T05:42:40+00:00,call center,prd1093,1583712000,1584057600,2020-03-09T00:00:00+00:00,2020-03-13T00:00:00+00:00,Admiralty Plaza: Yokohama,Admiralty Plaza,Yokohama,premium,1,1,0,4,102.59,410.36
c2b50a9d-53c8-11ea-9d55-b88a60e194fb,SS1-W2LY,orderid:820947,crmid:1341527,2020-02-09T00:41:29+00:00,call center,prd1105,1581465600,1581638400,2020-02-12T00:00:00+00:00,2020-02-14T00:00:00+00:00,Admiralty Plaza: Barcelona,Admiralty Plaza,Barcelona,standard,1,1,0,2,189.82,379.64
c2b531ac-53c8-11ea-8870-b88a60e194fb,3KO-JMCM,orderid:739135,crmid:4692920,2020-02-09T00:18:36+00:00,call center,prd1004,1583539200,1584403200,2020-03-07T00:00:00+00:00,2020-03-17T00:00:00+00:00,Aspen Heights: Boulder,Aspen Heights,Boulder,standard,1,1,0,10,119.61,1196.1
c2b531ad-53c8-11ea-9230-b88a60e194fb,RWI-NPKD,orderid:373125,crmid:1967115,2020-02-11T03:00:19+00:00,call center,prd1196,1582070400,1582329600,2020-02-19T00:00:00+00:00,2020-02-22T00:00:00+00:00,Aspen Heights: Moscow,Aspen Heights,Moscow,premium,1,1,0,3,133.31,399.93
c2b531ae-53c8-11ea-9881-b88a60e194fb,FCB-LYUK,orderid:130780,crmid:2476063,2020-02-10T16:28:07+00:00,call center,prd1122,1581552000,1581638400,2020-02-13T00:00:00+00:00,2020-02-14T00:00:00+00:00,Restful Nights: Valencia,Restful Nights,Valencia,standard,1,1,0,1,152.27,152.27
c2b558ba-53c8-11ea-9ef8-b88a60e194fb,2DO-IOLG,orderid:143653,crmid:1872901,2020-02-09T18:25:01+00:00,call center,prd1064,1582675200,1583712000,2020-02-26T00:00:00+00:00,2020-03-09T00:00:00+00:00,Aspen Heights: Paris,Aspen Heights,Paris,standard,1,1,0,12,185.64,2227.68
c2b558bb-53c8-11ea-9bdd-b88a60e194fb,NF6-SFT9,orderid:761802,crmid:9224649,2020-02-11T02:05:00+00:00,call center,prd1064,1581984000,1582934400,2020-02-18T00:00:00+00:00,2020-02-29T00:00:00+00:00,Aspen Heights: Paris,Aspen Heights,Paris,standard,1,1,0,11,128.21,1410.31
c2b57fca-53c8-11ea-9b06-b88a60e194fb,B2W-VJY2,orderid:390876,crmid:7471608,2020-02-10T14:36:05+00:00,call center,prd1190,1583452800,1584835200,2020-03-06T00:00:00+00:00,2020-03-22T00:00:00+00:00,Blue Reef Resort: Aurora,Blue Reef Resort,Aurora,standard,1,1,0,16,117.73,1883.68
c2b57fcb-53c8-11ea-99e9-b88a60e194fb,ZWN-HMRM,orderid:850382,crmid:7929739,2020-02-11T05:00:58+00:00,call center,prd1047,1581465600,1581811200,2020-02-12T00:00:00+00:00,2020-02-16T00:00:00+00:00,Hospitality Inn: Oakland,Hospitality Inn,Oakland,premium,1,1,0,4,175.69,702.76
c2b57fcc-53c8-11ea-973b-b88a60e194fb,LQD-NYLO,orderid:938553,crmid:7954440,2020-02-09T12:44:15+00:00,call center,prd1105,1583625600,1585180800,2020-03-08T00:00:00+00:00,2020-03-26T00:00:00+00:00,Admiralty Plaza: Barcelona,Admiralty Plaza,Barcelona,standard,1,1,0,18,182.88,3291.84
c2b5a6dc-53c8-11ea-a203-b88a60e194fb,3EJ-KFYC,orderid:685510,crmid:4303506,2020-02-08T18:07:47+00:00,call center,prd1052,1581206400,1581638400,2020-02-09T00:00:00+00:00,2020-02-14T00:00:00+00:00,Aspen Heights: Wichita,Aspen Heights,Wichita,standard,1,1,0,5,160.71,803.55
c2b5a6dd-53c8-11ea-a147-b88a60e194fb,JYJ-C48B,orderid:209307,crmid:8739128,2020-02-11T07:51:02+00:00,call center,prd1149,1583712000,1584748800,2020-03-09T00:00:00+00:00,2020-03-21T00:00:00+00:00,Sapphire Suites: San Francisco,Sapphire Suites,San Francisco,premium,1,1,0,12,171.97,2063.64
c2b5cdee-53c8-11ea-bdaa-b88a60e194fb,KTA-OOJJ,orderid:941896,crmid:4396689,2020-02-09T04:44:02+00:00,call center,prd1024,1581379200,1581638400,2020-02-11T00:00:00+00:00,2020-02-14T00:00:00+00:00,Sandhill: El Paso,Sandhill,El Paso,standard,1,1,0,3,141.76,425.28
c2b5cdef-53c8-11ea-b89e-b88a60e194fb,YNC-K3FH,orderid:343141,crmid:8081436,2020-02-11T16:58:59+00:00,call center,prd1041,1583539200,1583971200,2020-03-07T00:00:00+00:00,2020-03-12T00:00:00+00:00,Sapphire Suites: Long Beach,Sapphire Suites,Long Beach,luxury,1,1,0,5,322.44,1612.2
c2b5cdf0-53c8-11ea-a71d-b88a60e194fb,2NC-CTSU,orderid:869943,crmid:4109299,2020-02-09T15:59:50+00:00,call center,prd1053,1582243200,1582848000,2020-02-21T00:00:00+00:00,2020-02-28T00:00:00+00:00,Sapphire Suites: Cleveland,Sapphire Suites,Cleveland,standard,1,1,0,7,157.7,1103.9
c2b5f4fe-53c8-11ea-964d-b88a60e194fb,58N-QTMQ,orderid:854652,crmid:8740006,2020-02-11T01:35:20+00:00,call center,prd1093,1583452800,1584489600,2020-03-06T00:00:00+00:00,2020-03-18T00:00:00+00:00,Admiralty Plaza: Yokohama,Admiralty Plaza,Yokohama,standard,1,1,0,12,118.33,1419.96
c2b5f4ff-53c8-11ea-9f0e-b88a60e194fb,DPY-03DG,orderid:878103,crmid:2381085,2020-02-11T12:05:03+00:00,call center,prd1190,1583625600,1584144000,2020-03-08T00:00:00+00:00,2020-03-14T00:00:00+00:00,Blue Reef Resort: Aurora,Blue Reef Resort,Aurora,premium,1,1,0,6,172.05,1032.3
c2b61c10-53c8-11ea-8ce9-b88a60e194fb,JXP-UCWF,orderid:134688,crmid:1550479,2020-02-10T12:49:03+00:00,call center,prd1035,1582675200,1584230400,2020-02-26T00:00:00+00:00,2020-03-15T00:00:00+00:00,Hospitality Inn: Tucson,Hospitality Inn,Tucson,standard,1,1,0,18,160.25,2884.5
c2b61c11-53c8-11ea-9889-b88a60e194fb,NHD-BAXC,orderid:545833,crmid:3779572,2020-02-08T14:40:44+00:00,call center,prd1047,1581206400,1581292800,2020-02-09T00:00:00+00:00,2020-02-10T00:00:00+00:00,Hospitality Inn: Oakland,Hospitality Inn,Oakland,premium,1,1,0,1,153.38,153.38
c2b61c12-53c8-11ea-99a8-b88a60e194fb,TUU-ZGGD,orderid:393109,crmid:1890725,2020-02-09T15:29:25+00:00,call center,prd1026,1581379200,1581465600,2020-02-11T00:00:00+00:00,2020-02-12T00:00:00+00:00,Restful Nights: Nashville,Restful Nights,Nashville,presidential-suite,1,1,0,1,958.91,958.91
c2b6431c-53c8-11ea-bcdd-b88a60e194fb,O2H-IETT,orderid:625249,crmid:5606724,2020-02-09T09:37:33+00:00,call center,prd1008,1582416000,1582934400,2020-02-23T00:00:00+00:00,2020-02-29T00:00:00+00:00,Repose Resort: Philadelphia,Repose Resort,Philadelphia,standard,1,1,3,6,68.31,409.86
c2b6431d-53c8-11ea-8d3e-b88a60e194fb,YEN-X1UT,orderid:369812,crmid:1911213,2020-02-11T23:28:51+00:00,call center,prd1047,1581465600,1581552000,2020-02-12T00:00:00+00:00,2020-02-13T00:00:00+00:00,Hospitality Inn: Oakland,Hospitality Inn,Oakland,standard,1,1,0,1,137.35,137.35
c2b66a2c-53c8-11ea-8bf2-b88a60e194fb,V8J-OEEC,orderid:415193,crmid:2599611,2020-02-09T02:43:28+00:00,call center,prd1111,1583020800,1583971200,2020-03-01T00:00:00+00:00,2020-03-12T00:00:00+00:00,Family Fun Hotels: Prague,Family Fun Hotels,Prague,standard,1,1,0,11,129.22,1421.42
c2b66a2d-53c8-11ea-8827-b88a60e194fb,TKW-ZCSM,orderid:876671,crmid:8689894,2020-02-11T12:08:06+00:00,call center,prd1009,1583712000,1585267200,2020-03-09T00:00:00+00:00,2020-03-27T00:00:00+00:00,Admiralty Plaza: San Antonio,Admiralty Plaza,San Antonio,standard,1,1,0,18,105.64,1901.52
c2b66a2e-53c8-11ea-ab5b-b88a60e194fb,XRU-WHEF,orderid:681940,crmid:9457375,2020-02-10T06:01:51+00:00,call center,prd1010,1583884800,1584489600,2020-03-11T00:00:00+00:00,2020-03-18T00:00:00+00:00,Blue Reef Resort: San Diego,Blue Reef Resort,San Diego,luxury,1,1,0,7,383.91,2687.37
c2b6913a-53c8-11ea-a598-b88a60e194fb,VKX-E33Y,orderid:194897,crmid:4107465,2020-02-10T07:04:45+00:00,call center,prd1021,1583625600,1583884800,2020-03-08T00:00:00+00:00,2020-03-11T00:00:00+00:00,Admiralty Plaza: Denver,Admiralty Plaza,Denver,standard,1,1,1,3,178.19,534.57
c2b6913b-53c8-11ea-910b-b88a60e194fb,6CW-2BN6,orderid:907282,crmid:8926208,2020-02-09T05:19:09+00:00,call center,prd1168,1581552000,1581724800,2020-02-13T00:00:00+00:00,2020-02-15T00:00:00+00:00,Sandhill: Albuquerque,Sandhill,Albuquerque,standard,1,1,0,2,127.74,255.48
c2b6b84a-53c8-11ea-986e-b88a60e194fb,LCB-DJEU,orderid:905879,crmid:9986492,2020-02-10T16:45:26+00:00,call center,prd1069,1582934400,1583625600,2020-02-29T00:00:00+00:00,2020-03-08T00:00:00+00:00,Admiralty Plaza: Singapore,Admiralty Plaza,Singapore,standard,1,1,0,8,111.96,895.68
c2b6b84b-53c8-11ea-86c7-b88a60e194fb,WQY-C22L,orderid:505819,crmid:1697059,2020-02-11T19:00:12+00:00,call center,prd1116,1582156800,1583539200,2020-02-20T00:00:00+00:00,2020-03-07T00:00:00+00:00,Repose Resort: Naples,Repose Resort,Naples,standard,1,1,0,16,150.35,2405.6
c2b6b84c-53c8-11ea-92e3-b88a60e194fb,GZB-ZL2R,orderid:633698,crmid:2310615,2020-02-10T19:12:39+00:00,call center,prd1037,1583020800,1583798400,2020-03-01T00:00:00+00:00,2020-03-10T00:00:00+00:00,Grandeur Hotels: Sacramento,Grandeur Hotels,Sacramento,standard,1,1,0,9,199.62,1796.58
c2b6df5a-53c8-11ea-9f1a-b88a60e194fb,LXE-QBUA,orderid:890327,crmid:7454526,2020-02-10T06:45:54+00:00,call center,prd1089,1583366400,1584057600,2020-03-05T00:00:00+00:00,2020-03-13T00:00:00+00:00,Sapphire Suites: Rome,Sapphire Suites,Rome,premium,1,1,0,8,164.52,1316.16
c2b6df5b-53c8-11ea-882a-b88a60e194fb,ZKC-JQNT,orderid:763418,crmid:1473391,2020-02-11T16:05:05+00:00,call center,prd1074,1583452800,1584057600,2020-03-06T00:00:00+00:00,2020-03-13T00:00:00+00:00,Restful Nights: Mexico City,Restful Nights,Mexico City,standard,1,1,0,7,139.78,978.46
c2b70668-53c8-11ea-89bb-b88a60e194fb,DSL-GCHY,orderid:436765,crmid:1013076,2020-02-09T06:06:38+00:00,call center,prd1035,1583193600,1583625600,2020-03-03T00:00:00+00:00,2020-03-08T00:00:00+00:00,Hospitality Inn: Tucson,Hospitality Inn,Tucson,standard,1,1,0,5,160.25,801.25
c2b70669-53c8-11ea-9d0b-b88a60e194fb,KZ1-A5AS,orderid:809179,crmid:8905623,2020-02-10T21:22:56+00:00,call center,prd1094,1583193600,1583884800,2020-03-03T00:00:00+00:00,2020-03-11T00:00:00+00:00,Blue Reef Resort: Berlin,Blue Reef Resort,Berlin,standard,1,1,1,8,170.51,1364.08
c2b7066a-53c8-11ea-851a-b88a60e194fb,VUB-LDM7,orderid:764690,crmid:1874112,2020-02-09T13:58:45+00:00,call center,prd1092,1581292800,1581379200,2020-02-10T00:00:00+00:00,2020-02-11T00:00:00+00:00,Repose Resort: Cape Town,Repose Resort,Cape Town,standard,1,1,0,1,117.57,117.57
c2b72d7a-53c8-11ea-8982-b88a60e194fb,1SN-H3I7,orderid:489132,crmid:2481188,2020-02-09T17:52:42+00:00,call center,prd1058,1581379200,1581811200,2020-02-11T00:00:00+00:00,2020-02-16T00:00:00+00:00,Blue Reef Resort: Delhi,Blue Reef Resort,Delhi,standard,1,1,0,5,88.61,443.05
c2b75482-53c8-11ea-873e-b88a60e194fb,CFO-FEOF,orderid:201106,crmid:1944721,2020-02-09T07:37:01+00:00,call center,prd1082,1583107200,1584403200,2020-03-02T00:00:00+00:00,2020-03-17T00:00:00+00:00,Blue Reef Resort: Surat,Blue Reef Resort,Surat,standard,1,1,0,15,138.38,2075.7
c2b75483-53c8-11ea-ae42-b88a60e194fb,ZIA-ZVXZ,orderid:131371,crmid:6354631,2020-02-11T07:53:32+00:00,call center,prd1136,1581465600,1581724800,2020-02-12T00:00:00+00:00,2020-02-15T00:00:00+00:00,Aspen Heights: Osaka,Aspen Heights,Osaka,premium,1,1,0,3,116.12,348.36
c2b75484-53c8-11ea-9b2f-b88a60e194fb,5GY-QLIB,orderid:534444,crmid:2797600,2020-02-11T08:04:27+00:00,call center,prd1183,1583539200,1584144000,2020-03-07T00:00:00+00:00,2020-03-14T00:00:00+00:00,Family Fun Hotels: Tulsa,Family Fun Hotels,Tulsa,standard,1,1,3,7,148.44,1039.08
c2b77b9c-53c8-11ea-8a9d-b88a60e194fb,RA9-JFQI,orderid:625530,crmid:5755532,2020-02-10T16:21:36+00:00,call center,prd1154,1583539200,1583884800,2020-03-07T00:00:00+00:00,2020-03-11T00:00:00+00:00,Blue Reef Resort: Seattle,Blue Reef Resort,Seattle,premium,1,1,2,4,155.45,621.8
c2b77b9d-53c8-11ea-9c4f-b88a60e194fb,IGW-KHML,orderid:430562,crmid:6874985,2020-02-10T10:16:18+00:00,call center,prd1137,1581379200,1581552000,2020-02-11T00:00:00+00:00,2020-02-13T00:00:00+00:00,Sapphire Suites: Manila,Sapphire Suites,Manila,standard,1,1,0,2,109.23,218.46
c2b77b9e-53c8-11ea-8bbf-b88a60e194fb,1SN-H3I7,orderid:489132,crmid:5849628,2020-02-10T10:44:48+00:00,call center,prd1117,1583798400,1584316800,2020-03-10T00:00:00+00:00,2020-03-16T00:00:00+00:00,Admiralty Plaza: Dublin,Admiralty Plaza,Dublin,standard,1,1,2,6,152.61,915.66
c2b7a2a8-53c8-11ea-b885-b88a60e194fb,7WB-ZUH1,orderid:438522,crmid:5075532,2020-02-11T20:48:06+00:00,call center,prd1140,1583452800,1584921600,2020-03-06T00:00:00+00:00,2020-03-23T00:00:00+00:00,Repose Resort: Kano,Repose Resort,Kano,premium,1,1,0,17,174.37,2964.29
c2b7a2a9-53c8-11ea-a16e-b88a60e194fb,8UE-RYEP,orderid:979354,crmid:1707426,2020-02-10T22:31:02+00:00,call center,prd1149,1581897600,1582070400,2020-02-17T00:00:00+00:00,2020-02-19T00:00:00+00:00,Sapphire Suites: San Francisco,Sapphire Suites,San Francisco,premium,1,1,0,2,125.39,250.78
c2b7c9ba-53c8-11ea-9bf6-b88a60e194fb,RWH-W3OC,orderid:605237,crmid:4279736,2020-02-09T06:42:00+00:00,call center,prd1100,1583107200,1584230400,2020-03-02T00:00:00+00:00,2020-03-15T00:00:00+00:00,Aspen Heights: Misk,Aspen Heights,Misk,standard,1,1,0,13,125.93,1637.09
c2b7c9bb-53c8-11ea-988a-b88a60e194fb,49U-LZA5,orderid:117357,crmid:1816196,2020-02-09T18:12:35+00:00,call center,prd1087,1583193600,1583884800,2020-03-03T00:00:00+00:00,2020-03-11T00:00:00+00:00,Family Fun Hotels: Kolkata,Family Fun Hotels,Kolkata,standard,1,1,0,8,134.8,1078.4
c2b7c9bc-53c8-11ea-9d56-b88a60e194fb,35P-9C32,orderid:278267,crmid:6448024,2020-02-09T13:47:15+00:00,call center,prd1076,1581292800,1581638400,2020-02-10T00:00:00+00:00,2020-02-14T00:00:00+00:00,Aspen Heights: Bogota,Aspen Heights,Bogota,standard,1,1,0,4,156.63,626.52
c2b7f0ca-53c8-11ea-a7a3-b88a60e194fb,F0B-BRM9,orderid:909972,crmid:8962440,2020-02-11T19:22:06+00:00,call center,prd1062,1581465600,1581724800,2020-02-12T00:00:00+00:00,2020-02-15T00:00:00+00:00,Restful Nights: Moscow,Restful Nights,Moscow,standard,1,1,0,3,156.04,468.12
c2b7f0cb-53c8-11ea-85c5-b88a60e194fb,RXK-DFAY,orderid:450296,crmid:6567692,2020-02-10T11:07:25+00:00,call center,prd1136,1583798400,1584316800,2020-03-10T00:00:00+00:00,2020-03-16T00:00:00+00:00,Aspen Heights: Osaka,Aspen Heights,Osaka,standard,1,1,1,6,112.8,676.8
c2b817dc-53c8-11ea-9a87-b88a60e194fb,JCR-1041,orderid:259339,crmid:3467464,2020-02-11T09:58:44+00:00,call center,prd1172,1583452800,1584403200,2020-03-06T00:00:00+00:00,2020-03-17T00:00:00+00:00,Aspen Heights: Mesa,Aspen Heights,Mesa,premium,1,1,0,11,192.87,2121.57
c2b817dd-53c8-11ea-b472-b88a60e194fb,BID-HP14,orderid:553596,crmid:5389039,2020-02-10T07:06:09+00:00,call center,prd1028,1583539200,1584057600,2020-03-07T00:00:00+00:00,2020-03-13T00:00:00+00:00,Aspen Heights: Portland,Aspen Heights,Portland,standard,1,1,0,6,99.54,597.24
c2b83ee8-53c8-11ea-8f7d-b88a60e194fb,NJF-UU14,orderid:258440,crmid:3883673,2020-02-09T23:03:09+00:00,call center,prd1154,1581292800,1581638400,2020-02-10T00:00:00+00:00,2020-02-14T00:00:00+00:00,Blue Reef Resort: Seattle,Blue Reef Resort,Seattle,standard,1,1,0,4,179.21,716.84
c2b83ee9-53c8-11ea-bc50-b88a60e194fb,AMH-3RUB,orderid:915171,crmid:4941080,2020-02-09T17:52:02+00:00,call center,prd1130,1583280000,1583971200,2020-03-04T00:00:00+00:00,2020-03-12T00:00:00+00:00,Blue Reef Resort: Bremen,Blue Reef Resort,Bremen,premium,1,1,2,8,158.19,1265.52
c2b83eea-53c8-11ea-8a54-b88a60e194fb,U59-SXXI,orderid:922143,crmid:9441834,2020-02-10T18:20:23+00:00,call center,prd1131,1582761600,1583280000,2020-02-27T00:00:00+00:00,2020-03-04T00:00:00+00:00,Hospitality Inn: Sheffield,Hospitality Inn,Sheffield,standard,1,1,0,6,144.57,867.42
c2b865fa-53c8-11ea-bc1e-b88a60e194fb,D9A-MNUE,orderid:603126,crmid:2103991,2020-02-10T02:55:53+00:00,call center,prd1071,1581379200,1581724800,2020-02-11T00:00:00+00:00,2020-02-15T00:00:00+00:00,Hospitality Inn: Seoul,Hospitality Inn,Seoul,premium,1,1,0,4,90.28,361.12
c2b865fb-53c8-11ea-bcfa-b88a60e194fb,UWC-4WWD,orderid:703627,crmid:2957682,2020-02-08T14:09:29+00:00,call center,prd1143,1581206400,1581379200,2020-02-09T00:00:00+00:00,2020-02-11T00:00:00+00:00,Hospitality Inn: San Antonio,Hospitality Inn,San Antonio,standard,1,1,0,2,85.88,171.76
c2b88d0c-53c8-11ea-878a-b88a60e194fb,CS4-TIHJ,orderid:566591,crmid:2999598,2020-02-10T03:13:22+00:00,call center,prd1175,1583798400,1584403200,2020-03-10T00:00:00+00:00,2020-03-17T00:00:00+00:00,Nesting Box Inn: Long Beach,Nesting Box Inn,Long Beach,standard,1,1,0,7,179.32,1255.24
c2b88d0d-53c8-11ea-b10c-b88a60e194fb,FGK-5ACA,orderid:264876,crmid:8749485,2020-02-10T14:16:41+00:00,call center,prd1098,1583884800,1584576000,2020-03-11T00:00:00+00:00,2020-03-19T00:00:00+00:00,Restful Nights: Kiev,Restful Nights,Kiev,standard,1,1,0,8,160.18,1281.44
c2b8b41c-53c8-11ea-939c-b88a60e194fb,TXI-VI7G,orderid:860486,crmid:6846917,2020-02-10T02:13:15+00:00,call center,prd1190,1581379200,1581552000,2020-02-11T00:00:00+00:00,2020-02-13T00:00:00+00:00,Blue Reef Resort: Aurora,Blue Reef Resort,Aurora,standard,1,1,0,2,135.65,271.3
c2b8b41d-53c8-11ea-b10a-b88a60e194fb,AN7-S4GA,orderid:212055,crmid:4520457,2020-02-11T23:17:09+00:00,call center,prd1049,1581465600,1581638400,2020-02-12T00:00:00+00:00,2020-02-14T00:00:00+00:00,Grandeur Hotels: Tulsa,Grandeur Hotels,Tulsa,premium,1,1,0,2,155.21,310.42
c2b8db2c-53c8-11ea-8ff2-b88a60e194fb,4WU-98XF,orderid:259058,crmid:2655778,2020-02-10T00:14:07+00:00,call center,prd1026,1583280000,1583971200,2020-03-04T00:00:00+00:00,2020-03-12T00:00:00+00:00,Restful Nights: Nashville,Restful Nights,Nashville,standard,1,1,0,8,167.29,1338.32
c2b8db2d-53c8-11ea-ae6b-b88a60e194fb,NQ8-3DHF,orderid:949103,crmid:2669411,2020-02-09T14:15:01+00:00,call center,prd1189,1583539200,1584230400,2020-03-07T00:00:00+00:00,2020-03-15T00:00:00+00:00,Admiralty Plaza: Bakersfield,Admiralty Plaza,Bakersfield,premium,1,1,0,8,122.88,983.04
c2b9023e-53c8-11ea-9ef3-b88a60e194fb,654-OKF7,orderid:719857,crmid:7168421,2020-02-10T23:32:55+00:00,call center,prd1032,1582675200,1583280000,2020-02-26T00:00:00+00:00,2020-03-04T00:00:00+00:00,Repose Resort: Baltimore,Repose Resort,Baltimore,premium,1,1,0,7,106.05,742.35
c2b9023f-53c8-11ea-96b3-b88a60e194fb,W50-1GZS,orderid:990928,crmid:3853913,2020-02-10T04:56:25+00:00,call center,prd1074,1583539200,1584230400,2020-03-07T00:00:00+00:00,2020-03-15T00:00:00+00:00,Restful Nights: Mexico City,Restful Nights,Mexico City,standard,1,1,0,8,144.4,1155.2
c2b9294a-53c8-11ea-9814-b88a60e194fb,HVN-OCND,orderid:194991,crmid:5104448,2020-02-09T21:28:30+00:00,call center,prd1125,1582848000,1583539200,2020-02-28T00:00:00+00:00,2020-03-07T00:00:00+00:00,Sapphire Suites: Palermo,Sapphire Suites,Palermo,standard,1,1,0,8,117.53,940.24
c2b9294b-53c8-11ea-950c-b88a60e194fb,BPU-XL0R,orderid:935352,crmid:8380127,2020-02-10T17:22:48+00:00,call center,prd1008,1581638400,1581984000,2020-02-14T00:00:00+00:00,2020-02-18T00:00:00+00:00,Repose Resort: Philadelphia,Repose Resort,Philadelphia,standard,1,1,0,4,145.56,582.24
c2b9505a-53c8-11ea-ad61-b88a60e194fb,XUI-QAWE,orderid:439519,crmid:8950254,2020-02-08T23:45:37+00:00,call center,prd1083,1581206400,1581292800,2020-02-09T00:00:00+00:00,2020-02-10T00:00:00+00:00,Hospitality Inn: Bangkok,Hospitality Inn,Bangkok,premium,1,1,0,1,110.52,110.52
c2b9505b-53c8-11ea-837e-b88a60e194fb,NBI-VN8B,orderid:311555,crmid:2133037,2020-02-08T15:26:18+00:00,call center,prd1044,1581811200,1582070400,2020-02-16T00:00:00+00:00,2020-02-19T00:00:00+00:00,Repose Resort: Colorado Springs,Repose Resort,Colorado Springs,standard,1,1,4,3,113.51,340.53
c2b9505c-53c8-11ea-9002-b88a60e194fb,OTT-JFVZ,orderid:386928,crmid:7798365,2020-02-09T09:11:20+00:00,call center,prd1109,1581465600,1581638400,2020-02-12T00:00:00+00:00,2020-02-14T00:00:00+00:00,Grandeur Hotels: Belgrade,Grandeur Hotels,Belgrade,standard,1,1,0,2,137.42,274.84
c2b97770-53c8-11ea-80d9-b88a60e194fb,CQR-FGLG,orderid:169472,crmid:4441188,2020-02-09T11:13:37+00:00,call center,prd1001,1581292800,1581465600,2020-02-10T00:00:00+00:00,2020-02-12T00:00:00+00:00,Grandeur Hotels: New York,Grandeur Hotels,New York,standard,1,1,0,2,144.23,288.46
c2b97771-53c8-11ea-bc03-b88a60e194fb,G5J-BFEZ,orderid:390186,crmid:7712111,2020-02-10T11:37:02+00:00,call center,prd1011,1581724800,1582416000,2020-02-15T00:00:00+00:00,2020-02-23T00:00:00+00:00,Hospitality Inn: Dallas,Hospitality Inn,Dallas,standard,1,1,4,8,126.83,1014.64
c2b99e7a-53c8-11ea-80ee-b88a60e194fb,SIF-RGAD,orderid:328797,crmid:1520291,2020-02-09T16:49:25+00:00,call center,prd1058,1583020800,1583625600,2020-03-01T00:00:00+00:00,2020-03-08T00:00:00+00:00,Blue Reef Resort: Delhi,Blue Reef Resort,Delhi,premium,1,1,0,7,170.16,1191.12
c2b99e7b-53c8-11ea-804e-b88a60e194fb,R10-CHIL,orderid:827664,crmid:5544110,2020-02-09T21:18:46+00:00,call center,prd1184,1583107200,1583798400,2020-03-02T00:00:00+00:00,2020-03-10T00:00:00+00:00,Aspen Heights: Arlington,Aspen Heights,Arlington,standard,1,1,0,8,143.16,1145.28
c2b9c58c-53c8-11ea-8559-b88a60e194fb,PUP-QOMR,orderid:214871,crmid:8667612,2020-02-11T16:24:44+00:00,call center,prd1037,1582934400,1583539200,2020-02-29T00:00:00+00:00,2020-03-07T00:00:00+00:00,Grandeur Hotels: Sacramento,Grandeur Hotels,Sacramento,standard,1,1,0,7,171.95,1203.65
c2b9c58d-53c8-11ea-bee9-b88a60e194fb,14J-CG2S,orderid:120596,crmid:1381369,2020-02-08T21:59:57+00:00,call center,prd1051,1582675200,1584316800,2020-02-26T00:00:00+00:00,2020-03-16T00:00:00+00:00,Family Fun Hotels: New Orleans,Family Fun Hotels,New Orleans,ultra-luxury,1,1,0,19,357.84,6798.96
c2b9c58e-53c8-11ea-9742-b88a60e194fb,USG-FOET,orderid:495096,crmid:6065759,2020-02-11T18:13:35+00:00,call center,prd1023,1583366400,1583798400,2020-03-05T00:00:00+00:00,2020-03-10T00:00:00+00:00,Hospitality Inn: Boston,Hospitality Inn,Boston,premium,1,1,0,5,118.04,590.2
c2b9ec9c-53c8-11ea-8616-b88a60e194fb,FNM-MUQU,orderid:653924,crmid:3927440,2020-02-10T07:09:02+00:00,call center,prd1107,1583107200,1584748800,2020-03-02T00:00:00+00:00,2020-03-21T00:00:00+00:00,Hospitality Inn: Kharkiv,Hospitality Inn,Kharkiv,standard,1,1,0,19,166.69,3167.11
c2b9ec9d-53c8-11ea-b451-b88a60e194fb,08P-15CZ,orderid:528416,crmid:7438888,2020-02-11T15:40:30+00:00,call center,prd1007,1581465600,1581638400,2020-02-12T00:00:00+00:00,2020-02-14T00:00:00+00:00,Nesting Box Inn: Phoenix,Nesting Box Inn,Phoenix,premium,1,1,0,2,89.79,179.58
c2ba13ae-53c8-11ea-ae68-b88a60e194fb,CSG-0WRF,orderid:837840,crmid:3101776,2020-02-10T15:23:31+00:00,call center,prd1149,1583280000,1584144000,2020-03-04T00:00:00+00:00,2020-03-14T00:00:00+00:00,Sapphire Suites: San Francisco,Sapphire Suites,San Francisco,standard,1,1,0,10,154.67,1546.7
c2ba13af-53c8-11ea-b42e-b88a60e194fb,E3O-PI7P,orderid:900988,crmid:1315916,2020-02-09T03:59:27+00:00,call center,prd1121,1582934400,1583539200,2020-02-29T00:00:00+00:00,2020-03-07T00:00:00+00:00,Grandeur Hotels: Stockholm,Grandeur Hotels,Stockholm,standard,1,1,0,7,134.66,942.62
c2ba13b0-53c8-11ea-ade7-b88a60e194fb,353-ARKS,orderid:788232,crmid:7568183,2020-02-09T20:39:50+00:00,call center,prd1079,1581292800,1581638400,2020-02-10T00:00:00+00:00,2020-02-14T00:00:00+00:00,Nesting Box Inn: Chennai,Nesting Box Inn,Chennai,standard,1,1,0,4,128.24,512.96
c2ba3aba-53c8-11ea-ba18-b88a60e194fb,CXP-LVFQ,orderid:307555,crmid:6874526,2020-02-09T22:30:08+00:00,call center,prd1077,1581292800,1581465600,2020-02-10T00:00:00+00:00,2020-02-12T00:00:00+00:00,Sapphire Suites: Cairo,Sapphire Suites,Cairo,luxury,1,1,0,2,228.16,456.32
c2ba3abb-53c8-11ea-b66b-b88a60e194fb,PFJ-CCHR,orderid:867577,crmid:2117935,2020-02-10T06:45:40+00:00,call center,prd1196,1581811200,1582070400,2020-02-16T00:00:00+00:00,2020-02-19T00:00:00+00:00,Aspen Heights: Moscow,Aspen Heights,Moscow,standard,1,1,0,3,131.09,393.27
c2ba3abc-53c8-11ea-be71-b88a60e194fb,ECF-0VMU,orderid:446365,crmid:6928545,2020-02-09T20:23:25+00:00,call center,prd1197,1581465600,1581552000,2020-02-12T00:00:00+00:00,2020-02-13T00:00:00+00:00,Sapphire Suites: London,Sapphire Suites,London,ultra-luxury,1,1,0,1,317.03,317.03
c2ba61cc-53c8-11ea-8199-b88a60e194fb,OMK-NI1V,orderid:128181,crmid:1622933,2020-02-11T12:59:42+00:00,call center,prd1112,1581465600,1581638400,2020-02-12T00:00:00+00:00,2020-02-14T00:00:00+00:00,Aspen Heights: Birmingham,Aspen Heights,Birmingham,standard,1,1,0,2,165.06,330.12
c2ba61cd-53c8-11ea-b911-b88a60e194fb,B6G-KIHE,orderid:252527,crmid:5682300,2020-02-11T00:26:22+00:00,call center,prd1101,1581638400,1582156800,2020-02-14T00:00:00+00:00,2020-02-20T00:00:00+00:00,Sapphire Suites: Vienna,Sapphire Suites,Vienna,standard,1,1,0,6,97.87,587.22
c2ba8a6e-53c8-11ea-94a0-b88a60e194fb,TFK-VHDO,orderid:165779,crmid:8877551,2020-02-08T11:09:16+00:00,call center,prd1141,1581638400,1582156800,2020-02-14T00:00:00+00:00,2020-02-20T00:00:00+00:00,Admiralty Plaza: Phoenix,Admiralty Plaza,Phoenix,standard,1,1,1,6,128.51,771.06
c2ba8a6f-53c8-11ea-b66e-b88a60e194fb,MIP-HGLH,orderid:402335,crmid:5462953,2020-02-10T12:04:08+00:00,call center,prd1148,1581379200,1581552000,2020-02-11T00:00:00+00:00,2020-02-13T00:00:00+00:00,Aspen Heights: Jacksonville,Aspen Heights,Jacksonville,premium,1,1,0,2,122.59,245.18
c2bab170-53c8-11ea-98ca-b88a60e194fb,FTO-JUSZ,orderid:218814,crmid:8876068,2020-02-10T00:54:35+00:00,call center,prd1011,1581638400,1581897600,2020-02-14T00:00:00+00:00,2020-02-17T00:00:00+00:00,Hospitality Inn: Dallas,Hospitality Inn,Dallas,standard,1,1,0,3,166.45,499.35
c2bab171-53c8-11ea-bd2e-b88a60e194fb,1CQ-P5YG,orderid:251740,crmid:7065824,2020-02-09T17:11:14+00:00,call center,prd1136,1582588800,1582934400,2020-02-25T00:00:00+00:00,2020-02-29T00:00:00+00:00,Aspen Heights: Osaka,Aspen Heights,Osaka,standard,1,1,0,4,122.48,489.92
c2bab172-53c8-11ea-ab86-b88a60e194fb,TDA-MWH2,orderid:917346,crmid:1441368,2020-02-10T10:00:54+00:00,call center,prd1141,1583712000,1584230400,2020-03-09T00:00:00+00:00,2020-03-15T00:00:00+00:00,Admiralty Plaza: Phoenix,Admiralty Plaza,Phoenix,standard,1,1,0,6,109.82,658.92
